,id,layer,abrasion,oxid,weat,taphorecord,coords.x1,coords.x2,coords.x3
1,170,A,NA,NA,NA,NA,8.1099996567,2.7699999809,-0.0700000003
2,171,A,NA,NA,NA,NA,8.0100002289,2.8099999428,-0.0599999987
3,668,A,3,7,3,2,8.8409996033,2.486000061,-0.4160000086
4,650,A,3,3,3,2,8.7419996262,2.4590001106,-0.6000000238
5,669,A,NA,NA,NA,NA,8.7569999695,2.5929999352,-0.5
6,154,A,2,8,3,3,6.3899998665,2.4700000286,-0.6700000167
7,155,A,2,7,2,1,6.5700001717,2.5499999523,-0.6899999976
8,670,A,2,3,2,3,8.0050001144,2.7230000496,-0.6299999952
9,157,A,1,7,2,3,5.5100002289,2.2000000477,-0.8000000119
10,159,A,2,8,2,3,5.8499999046,2.3499999046,-0.7400000095
11,160,A,2,8,2,3,5.3000001907,2,-0.7799999714
12,161,A,2,5,2,3,5.5399999619,2.3699998856,-0.8000000119
13,162,A,2,7,2,3,5.4200000763,2.5099999905,-0.7799999714
14,156,A,2,7,3,3,5.5700001717,2.5699999332,-0.7599999905
15,163,A,2,7,2,3,7.0700001717,2.1199998856,-0.7900000215
16,164,A,NA,NA,NA,NA,7.1300001144,2.2999999523,-0.7699999809
17,165,A,NA,NA,NA,NA,7.2899999619,2.3499999046,-0.7599999905
18,166,A,2,6,3,3,7.3400001526,2.3299999237,-0.7599999905
19,167,A,NA,NA,NA,NA,7.3800001144,2.3800001144,-0.75
20,168,A,NA,NA,NA,NA,7.4299998283,2.4400000572,-0.7400000095
21,169,A,3,5,3,2,7.3800001144,2.3599998951,-0.8000000119
22,665,A,2,8,2,3,3.6400001049,2.9100000858,-0.8799999952
23,664,A,2,7,3,3,4.6100001335,2.9600000381,-0.8999999762
24,666,A,2,7,2,3,3.8299999237,2.9400000572,-0.9200000167
25,667,A,2,7,2,3,3.7400000095,2.9400000572,-0.9800000191
26,660,A,2,5,3,3,4.4600000381,2.9300000668,-0.9200000167
27,662,A,2,7,2,3,4.4600000381,2.9000000954,-0.9399999976
28,661,A,2,7,3,3,4.5,2.9000000954,-0.9800000191
29,659,A,NA,NA,NA,NA,4.4200000763,2.9700000286,-0.9700000286
30,663,A,3,6,2,2,4.6500000954,2.9300000668,-0.9900000095
31,652,A,2,7,2,3,4.6700000763,2.9100000858,-1.0199999809
32,651,A,2,5,2,3,4.3899998665,2.9200000763,-1.0099999905
33,654,A,3,7,2,2,4.6900000572,2.9200000763,-1.0399999619
34,649,A,2,8,2,3,4.2300000191,2.8900001049,-1.0499999523
35,655,A,NA,NA,NA,NA,4.1599998474,2.9600000381,-1.0299999714
36,653,A,4,4,3,2,4.7699999809,2.9300000668,-1.0800000429
37,658,A,2,5,2,3,4.1500000954,3,-1
38,657,A,2,3,2,3,4.1599998474,3,-0.9599999785
39,656,A,3,7,2,2,4.1399998665,2.9000000954,-1.0599999428
40,139,A,1,3,2,3,5.8000001907,2,-0.2899999917
41,140,A,3,6,3,2,5.6999998093,2,-0.3600000143
42,141,A,2,7,2,3,6,2,-0.3899999857
43,142,A,3,7,2,2,5.6100001335,2,-0.4799999893
44,143,A,2,8,2,3,5.6399998665,2,-0.4799999893
45,136,A,3,3,3,2,5.8800001144,2,-0.6299999952
46,137,A,2,7,2,3,5,2,-0.6800000072
47,138,A,3,7,2,2,5.6199998856,2,-0.5899999738
48,144,A,2,3,3,3,6.8499999046,2,-0.3199999928
49,145,A,1,8,2,3,6.0700001717,2,-0.5699999928
50,148,A,2,7,3,3,7.6100001335,2,-0.4900000095
51,149,A,2,7,2,3,7.5599999428,2,-0.400000006
52,150,A,2,7,3,3,7.2199997902,2,-0.5699999928
53,151,A,2,5,3,3,7.2199997902,2,-0.6800000072
54,152,A,NA,NA,NA,NA,7.7600002289,2,-0.5899999738
55,153,A,2,8,2,3,7.8499999046,2,-0.5799999833
56,146,A,2,7,3,3,7.1700000763,2,-0.7599999905
57,147,A,2,5,3,3,7.1500000954,2,-0.7099999785
58,675,B,2,6,2,3,8.9090003967,2.4340000153,-0.5899999738
59,683,B,2,2,2,3,8.6960000992,2.4830000401,-0.6119999886
60,178,B,2,8,2,3,5.0599999428,2.3699998856,-0.8299999833
61,179,B,2,7,2,3,5.4000000954,2.4400000572,-0.8199999928
62,180,B,1,5,2,3,5.5599999428,2.2599999905,-0.8399999738
63,181,B,1,7,2,3,5.6399998665,2.3499999046,-0.8199999928
64,182,B,NA,NA,NA,NA,5.4899997711,2.4200000763,-0.8199999928
65,183,B,NA,NA,NA,NA,5.1100001335,2.4400000572,-0.8199999928
66,192,B,2,8,2,3,6.6399998665,2.0999999046,-0.7300000191
67,193,B,3,8,3,2,6.6799998283,2.1099998951,-0.7400000095
68,194,B,3,6,2,2,6.5700001717,2.3199999332,-0.7200000286
69,195,B,2,7,2,3,6.3200001717,2.2699999809,-0.6899999976
70,196,B,NA,NA,NA,NA,6.3200001717,2.2699999809,-0.6999999881
71,197,B,NA,NA,NA,NA,6.4000000954,2.0999999046,-0.7300000191
72,198,B,2,7,3,3,6.4200000763,2.0599999428,-0.7599999905
73,185,B,2,3,3,3,6.4899997711,2.0099999905,-0.7599999905
74,186,B,2,7,3,3,6.2600002289,2.2699999809,-0.7599999905
75,187,B,2,3,3,3,6.2300000191,2.2699999809,-0.7599999905
76,188,B,NA,NA,NA,NA,6.5999999046,2.4900000095,-0.75
77,189,B,2,8,3,3,6.2800002098,2.4100000858,-0.75
78,190,B,2,7,2,3,6.6100001335,2.3499999046,-0.7599999905
79,191,B,2,7,3,3,6.5500001907,2.6800000668,-0.75
80,199,B,3,7,2,2,7.3600001335,2.2999999523,-0.8399999738
81,200,B,4,7,2,2,7.2899999619,2.25,-0.8399999738
82,207,B,3,6,3,2,7.0500001907,2.0899999142,-0.8199999928
83,208,B,3,8,2,2,7.2600002289,2.4200000763,-0.8399999738
84,209,B,3,7,3,2,7.0599999428,2.1199998856,-0.8199999928
85,205,B,1,3,2,3,7.0599999428,2.7000000477,-0.8399999738
86,206,B,3,8,2,2,7,2.9300000668,-0.7900000215
87,686,B,3,1,2,2,8.9949998856,2.3659999371,-0.746999979
88,694,B,3,7,2,2,8.998000145,2.3910000324,-0.7419999838
89,212,B,NA,7,2,NA,5.8699998856,2.4900000095,-0.8799999952
90,213,B,NA,NA,NA,NA,5.3000001907,2.2899999619,-0.8799999952
91,214,B,3,6,3,2,5.6999998093,2.6400001049,-0.8600000143
92,215,B,NA,NA,NA,NA,5.6900000572,2.5499999523,-0.8700000048
93,216,B,NA,NA,NA,NA,5.6500000954,2.5699999332,-0.9399999976
94,217,B,2,6,2,3,5.1399998665,2.3499999046,-0.9499999881
95,218,B,2,8,2,3,5.9299998283,2.0799999237,-0.9200000167
96,219,B,NA,NA,NA,NA,6.4400000572,2.1500000954,-0.8199999928
97,220,B,3,7,2,2,6.4200000763,2.4600000381,-0.8100000024
98,221,B,2,7,2,3,6.2300000191,2.4300000668,-0.8100000024
99,222,B,2,7,2,2,6.6799998283,2.1300001144,-0.8000000119
100,224,B,1,3,2,3,6.3000001907,2.4600000381,-0.8000000119
101,225,B,3,7,2,2,6.4600000381,2.2999999523,-0.8100000024
102,226,B,2,6,2,3,6.5199999809,2.2599999905,-0.8100000024
103,227,B,3,8,2,2,6.1799998283,2.4700000286,-0.8000000119
104,234,B,3,7,2,2,7.5399999619,2.0699999332,-0.9300000072
105,235,B,2,8,2,3,7.2300000191,2.1300001144,-0.9300000072
106,228,B,3,7,3,2,7.0599999428,2.2799999714,-0.8500000238
107,229,B,3,7,2,2,7.1100001335,2.2599999905,-0.9300000072
108,230,B,2,4,3,3,7.0100002289,2.0699999332,-0.8700000048
109,231,B,4,7,2,2,7.0900001526,2.2999999523,-0.9399999976
110,232,B,3,8,2,2,7.3499999046,2.8499999046,-0.8899999857
111,679,B,2,6,3,3,8.9250001907,2.3020000458,-0.7689999938
112,682,B,3,6,3,2,8.6879997253,2.3989999294,-0.8460000157
113,236,B,1,3,2,3,5.4000000954,2.4000000954,-0.9800000191
114,237,B,3,7,2,2,5.5700001717,2.25,-0.9800000191
115,238,B,NA,NA,NA,NA,5.4499998093,2.3699998856,-1.0199999809
116,239,B,2,6,3,3,5.2199997902,2.3199999332,-1.0099999905
117,240,B,2,7,2,3,5.4800000191,2.4300000668,-1.0499999523
118,241,B,1,6,2,3,5.75,2.3199999332,-1.0499999523
119,242,B,2,7,2,3,5.6399998665,2.2999999523,-1.0599999428
120,243,B,NA,NA,NA,NA,5.8699998856,2.3499999046,-1.0299999714
121,244,B,NA,NA,NA,NA,5.6300001144,2.3699998856,-1.0299999714
122,245,B,2,7,3,3,5.75,2.3299999237,-1.0299999714
123,247,B,2,5,3,3,5.4499998093,2.7100000381,-0.9599999785
124,248,B,2,3,2,3,5.5100002289,2.6700000763,-0.9599999785
125,249,B,1,7,2,1,5.9000000954,2.5499999523,-1.0299999714
126,250,B,2,7,2,3,5.3000001907,2.7000000477,-0.9900000095
127,251,B,3,5,3,2,6.9899997711,2.0799999237,-0.8700000048
128,252,B,2,5,2,3,6.3800001144,2.0099999905,-0.8700000048
129,253,B,4,7,3,2,6.0599999428,2.3399999142,-0.8899999857
130,254,B,3,7,2,2,6.8800001144,2.2300000191,-0.9599999785
131,255,B,1,5,1,3,6.1999998093,2.2400000095,-0.9200000167
132,256,B,NA,NA,NA,NA,6.4400000572,2.0699999332,-0.8999999762
133,258,B,3,NA,3,2,6.4000000954,2.5099999905,-0.8799999952
134,264,B,2,7,2,3,7.2800002098,2.0799999237,-1.0599999428
135,265,B,3,5,3,2,7.4400000572,2.0199999809,-1.0299999714
136,266,B,4,6,3,2,7.3800001144,2.25,-1.0700000525
137,267,B,NA,NA,NA,NA,7.3600001335,2.0699999332,-1.0700000525
138,268,B,1,3,2,3,7.1199998856,2.8499999046,-0.9700000286
139,269,B,NA,NA,NA,NA,7.0900001526,2.7100000381,-0.9900000095
140,676,B,2,7,3,3,3.8399999142,3.0680000782,-1.067999959
141,1317,B,NA,NA,NA,NA,4.5989999771,2.9679999352,-1.0620000362
142,965,B,NA,NA,NA,NA,5.5170001984,2.9830000401,-0.9739999771
143,270,B,2,7,2,3,5.8400001526,2.1700000763,-1.0700000525
144,272,B,2,8,3,3,5.1599998474,2.25,-1.0599999428
145,273,B,2,6,2,3,5.2399997711,2.2999999523,-1.0900000334
146,274,B,2,5,2,3,5.7100000381,2.6099998951,-1.1100000143
147,275,B,NA,NA,NA,NA,5.6700000763,2.4000000954,-1.1299999952
148,276,B,2,8,2,3,5.8699998856,2.5399999619,-1.0499999523
149,277,B,NA,NA,NA,NA,5.5100002289,2.4600000381,-1.1100000143
150,278,B,NA,NA,NA,NA,5.2300000191,2.3499999046,-1.1100000143
151,280,B,3,8,3,2,5.4299998283,2.1900000572,-1.1699999571
152,281,B,2,8,2,3,5.7199997902,2.4000000954,-1.1599999666
153,282,B,1,3,2,3,5.1399998665,2.3399999142,-1.1499999762
154,283,B,1,5,2,3,5.6199998856,2.5899999142,-1.1499999762
155,284,B,2,5,3,3,5.3200001717,2.6400001049,-1.0900000334
156,285,B,3,8,2,2,5.4000000954,2.3699998856,-1.1599999666
157,286,B,2,8,2,3,5.7399997711,2.7000000477,-1.1299999952
158,287,B,3,7,2,2,6.9400000572,2.1500000954,-0.9599999785
159,288,B,3,7,3,2,6.0599999428,2.4800000191,-0.9700000286
160,289,B,3,7,2,2,6.9200000763,2.0499999523,-0.9700000286
161,290,B,3,6,3,2,6.9499998093,2.1600000858,-1.0099999905
162,291,B,1,3,2,3,6.3400001526,2.1500000954,-0.9599999785
163,292,B,2,7,2,3,6.7699999809,2.6400001049,-0.9700000286
164,293,B,NA,NA,NA,NA,6.5399999619,2.1199998856,-0.9599999785
165,294,B,2,7,2,3,6.3800001144,2.0499999523,-1
166,295,B,3,7,2,1,6.3200001717,2.0799999237,-1
167,296,B,3,7,2,2,6.7300000191,2.5599999428,-1.0599999428
168,297,B,3,7,2,2,6.3200001717,2.6500000954,-1.0299999714
169,298,B,2,7,2,3,6.3899998665,2.2899999619,-1
170,299,B,3,7,2,2,6.2600002289,2.2699999809,-1.0299999714
171,300,B,3,7,2,2,6.3400001526,2.1700000763,-1.0299999714
172,301,B,2,8,2,3,6.2600002289,2.0499999523,-1.0299999714
173,302,B,3,8,3,2,6.3499999046,2.0699999332,-1.0599999428
174,303,B,2,7,3,3,6.5,2.8199999332,-1.0099999905
175,304,B,2,8,2,3,6.0599999428,2.7799999714,-1.0099999905
176,305,B,NA,NA,NA,NA,6.0799999237,2.8499999046,-0.9100000262
177,306,B,2,6,3,3,6.3899998665,2.1300001144,-1.0499999523
178,307,B,2,5,3,3,6.1300001144,2.1099998951,-1.0399999619
179,308,B,3,7,2,2,7.1900000572,3,-1.1200000048
180,309,B,2,7,2,1,7.6900000572,2.9400000572,-1.1100000143
181,681,B,2,7,3,3,3.6199998856,2.9370000362,-1.0700000525
182,318,B,2,7,3,3,6.1300001144,2.25,-1.0700000525
183,319,B,3,6,3,2,6.5399999619,2.0199999809,-1.0700000525
184,320,B,2,7,2,3,6.3099999428,2.0599999428,-1.0700000525
185,321,B,2,6,2,3,6,2.1600000858,-1.0599999428
186,322,B,3,5,3,2,6.0900001526,2.3299999237,-1.0900000334
187,323,B,2,7,2,3,6.6300001144,2.5,-1.1100000143
188,324,B,2,7,2,3,6.1900000572,2.5799999237,-1.1200000048
189,325,B,2,4,3,1,6.3800001144,2.2100000381,-1.0700000525
190,326,B,3,7,3,2,6.3499999046,2.2400000095,-1.1599999666
191,327,B,NA,NA,NA,NA,6.0700001717,2.1300001144,-1.1599999666
192,328,B,2,8,2,3,7.6300001144,2.1199998856,-1.1900000572
193,329,B,2,6,2,3,7.3499999046,2.1099998951,-1.2400000095
194,330,B,4,8,2,2,7.2600002289,2.4600000381,-1.2300000191
195,672,B,3,4,2,2,7.8899998665,2.2300000191,-1.2400000095
196,671,B,2,5,3,3,7.9600000381,2.1199998856,-1.2300000191
197,696,B,NA,NA,NA,NA,7.8090000153,2.4419999123,-1.2460000515
198,678,B,4,7,3,2,3.6340000629,2.9330000877,-1.2020000219
199,687,B,2,6,4,3,3.6240000725,2.9409999847,-1.2519999743
200,692,B,2,8,2,3,3.7100000381,2.9419999123,-1.2480000257
201,691,B,2,8,2,3,3.6340000629,2.9200000763,-1.2510000467
202,331,B,NA,NA,NA,NA,6.2100000381,2.5199999809,-1.1699999571
203,332,B,NA,NA,NA,NA,6.0799999237,2.1400001049,-1.1499999762
204,333,B,NA,NA,NA,NA,6.2899999619,2.4800000191,-1.2300000191
205,695,B,2,7,2,3,7.8940000534,2.3605000973,-1.3115999699
206,685,B,NA,NA,NA,NA,3.7369999886,2.9000000954,-1.2890000343
207,684,B,3,8,2,2,3.9170000553,2.8020000458,-1.3250000477
208,688,B,2,6,2,3,3.6819999218,2.9110000134,-1.2849999666
209,689,B,3,8,2,2,4.0130000114,2.7569999695,-1.3420000076
210,677,B,3,7,3,2,4.0240001678,2.7349998951,-1.3660000563
211,673,B,3,4,2,2,7.5999999046,2.3900001049,-1.4199999571
212,338,B,1,4,2,3,6.6900000572,1.9700000286,-1.3200000525
213,339,B,NA,NA,NA,NA,6.9400000572,1.8600000143,-1.4199999571
214,340,B,NA,NA,NA,NA,6.7600002289,1.9600000381,-1.4099999666
215,690,B,2,7,2,3,4.1669998169,2.6610000134,-1.5099999905
216,764,C,3,4,2,2,8.5816001892,2.4921000004,-0.866599977
217,766,C,2,5,3,3,8.5852003098,2.4114000797,-0.9986000061
218,769,C,2,5,2,3,8.6843004227,2.5151000023,-0.9761000276
219,787,C,2,3,2,3,8.7533998489,2.3145999908,-1.0013999939
220,786,C,2,7,2,3,8.8756999969,2.361000061,-1.0002000332
221,784,C,NA,NA,NA,NA,8.894900322,2.3452999592,-0.9987999797
222,645,C,2,5,2,3,8.910200119,2.2098999023,-1.0413999557
223,905,C,2,5,2,3,8.5657997131,2.4964001179,-1.0198999643
224,815,C,NA,NA,NA,NA,8.9326000214,2.2302000523,-1.3028000593
225,966,C,NA,NA,NA,NA,4.3559999466,2.9960000515,-1.2380000353
226,703,C,3,5,2,2,6.2199997902,2.2200000286,-1.2300000191
227,707,C,NA,NA,NA,NA,6.1399998665,2.5999999046,-1.2300000191
228,709,C,2,6,2,3,6.2100000381,2.4400000572,-1.2200000286
229,702,C,NA,NA,NA,NA,6.5500001907,2.3800001144,-1.2799999714
230,706,C,2,7,2,3,6.2300000191,2.6500000954,-1.2200000286
231,341,C,3,7,3,2,7.25,2.4400000572,-1.2999999523
232,904,C,2,7,3,3,8.410200119,2.3078000546,-1.2120000124
233,829,C,2,3,2,3,8.6138000488,2.3041000366,-1.2388999462
234,896,C,NA,8,3,NA,8.0389995575,2.2960000038,-1.1540000439
235,897,C,3,4,2,2,8.0059995651,2.3020000458,-1.2059999704
236,342,B,NA,7,3,1,7.4899997711,1.9400000572,-1.3700000048
237,343,B,3,7,3,2,7.4600000381,1.8799999952,-1.4299999475
238,344,B,3,5,3,2,7.2600002289,1.7799999714,-1.3899999857
239,345,B,3,7,3,2,7.3000001907,1.7699999809,-1.4299999475
240,740,C,NA,NA,NA,NA,4.368999958,2.9149999619,-1.3059999943
241,748,C,2,7,3,3,5.8000001907,2.3199999332,-1.2699999809
242,746,C,3,7,2,2,5.5199999809,2.5199999809,-1.2699999809
243,749,C,2,3,3,3,5.0500001907,2.5799999237,-1.2799999714
244,743,C,NA,NA,NA,NA,5.3000001907,2.5299999714,-1.3400000334
245,744,C,3,7,2,2,5.5100002289,2.5899999142,-1.2999999523
246,750,C,2,3,2,3,5.7899999619,2.3099999428,-1.2400000095
247,745,C,2,7,2,3,5.9000000954,2.2699999809,-1.3300000429
248,648,C,2,7,3,3,5.9299998283,2.8900001049,-1.2599999905
249,747,C,3,7,3,2,5.0999999046,2.75,-1.2899999619
250,742,C,2,6,2,3,5.1599998474,2.7799999714,-1.3200000525
251,751,C,3,7,2,2,6.0700001717,2.25,-1.2699999809
252,724,C,NA,NA,NA,NA,6.4600000381,2.1099998951,-1.25
253,721,C,3,7,2,2,6.5,2.2200000286,-1.3099999428
254,722,C,NA,NA,NA,NA,6.4200000763,2.1500000954,-1.2200000286
255,719,C,NA,NA,NA,NA,6.4000000954,2.2999999523,-1.2000000477
256,727,C,2,5,3,3,6.0199999809,2.4000000954,-1.25
257,761,C,2,6,3,3,6.3299999237,2.6199998856,-1.2999999523
258,346,C,NA,8,2,NA,7.1399998665,2.2300000191,-1.3700000048
259,347,C,5,7,3,2,7.2199997902,2.4500000477,-1.3999999762
260,348,C,3,7,2,2,7.4400000572,2.3399999142,-1.3300000429
261,830,C,NA,NA,NA,NA,8.36439991,2.2623999119,-1.2876000404
262,839,C,2,3,3,3,8.5883998871,2.0994999409,-1.3107000589
263,846,C,2,3,2,3,8.8459997177,2.2130000591,-1.32099998
264,1114,C,NA,NA,NA,NA,8.0439996719,2.2490000725,-1.2599999905
265,1119,C,NA,NA,NA,NA,8.0810003281,2.2479999065,-1.2760000229
266,349,B,2,8,2,3,7.5300002098,1.7699999809,-1.5
267,350,B,2,7,2,3,7.25,1.7999999523,-1.5199999809
268,850,C,2,6,3,3,3.7269999981,3.0260000229,-1.3589999676
269,835,C,2,7,2,3,3.9800000191,3.0320000648,-1.3930000067
270,842,C,2,8,2,3,3.753000021,3.0230000019,-1.3680000305
271,967,C,NA,NA,NA,NA,4.1919999123,3.003000021,-1.3630000353
272,778,C,NA,NA,NA,NA,3.5610001087,2.736000061,-1.3380000591
273,785,C,NA,NA,NA,NA,3.5429999828,2.7809998989,-1.3220000267
274,809,C,3,8,2,2,3.6319999695,2.7920000553,-1.3630000353
275,814,C,2,7,2,3,3.6349999905,2.6610000134,-1.4090000391
276,836,C,2,8,3,3,3.6419999599,2.881000042,-1.3470000029
277,803,C,2,8,3,3,3.625,2.8929998875,-1.3550000191
278,799,C,NA,NA,NA,NA,3.760999918,2.9470000267,-1.3350000381
279,821,C,NA,NA,NA,NA,3.503000021,2.9530000687,-1.378000021
280,820,C,2,7,3,3,3.5499999523,2.9379999638,-1.3600000143
281,834,C,2,7,2,3,3.5629999638,2.8350000381,-1.3980000019
282,838,C,NA,8,3,2,3.8199999332,2.9990000725,-1.3609999418
283,894,C,2,8,3,3,3.5239999294,2.9769999981,-1.3899999857
284,902,C,2,8,3,3,3.4500000477,2.8380000591,-1.4140000343
285,883,C,3,6,2,2,3.5380001068,2.9649999142,-1.4140000343
286,906,C,NA,NA,NA,NA,3.6770000458,2.9539999962,-1.4069999456
287,884,C,3,7,2,2,3.8570001125,2.9149999619,-1.4040000439
288,715,C,3,6,3,2,5.7899999619,2.2999999523,-1.3400000334
289,711,C,2,8,2,3,5.5799999237,2.3800001144,-1.3600000143
290,907,C,NA,NA,NA,NA,5.1399998665,2.75,-1.3799999952
291,716,C,2,5,2,3,5.0500001907,2.75,-1.3700000048
292,713,C,2,2,2,3,5.1459999084,2.5710000992,-1.4220000505
293,732,C,3,7,2,2,6.0999999046,2.5699999332,-1.3400000334
294,752,C,NA,7,2,2,6.5500001907,2.2799999714,-1.3500000238
295,753,C,2,7,3,3,6.8400001526,2.1099998951,-1.3400000334
296,729,C,2,6,2,3,6.2800002098,2.1600000858,-1.3600000143
297,733,C,4,8,2,2,6.8600001335,2.1300001144,-1.3799999952
298,734,C,4,7,2,2,6.0399999619,2.2300000191,-1.4199999571
299,754,C,2,6,2,3,6.25,2.2000000477,-1.4400000572
300,730,C,3,8,3,2,6.3559999466,2.4739999771,-1.3559999466
301,731,C,NA,NA,NA,NA,6.3959999084,2.4509999752,-1.4069999456
302,755,C,NA,NA,NA,NA,6.7750000954,2.1150000095,-1.4160000086
303,758,C,2,8,2,3,6.9219999313,2.7799999714,-1.3400000334
304,881,C,4,6,2,2,6.8994002342,2.6308999062,-1.4270000458
305,700,C,3,7,2,2,7.9299998283,2.2300000191,-1.3799999952
306,351,C,2,7,2,3,7.4499998093,2.0499999523,-1.4600000381
307,352,C,3,7,2,2,7.1999998093,2.3699998856,-1.4900000095
308,353,C,3,8,2,2,7.5500001907,2.3800001144,-1.5299999714
309,800,C,4,6,2,2,8.5233001709,2.0585999489,-1.4019999504
310,837,C,2,7,3,3,8.5900001526,2.118999958,-1.358700037
311,893,C,3,6,3,2,8.4090003967,2.2829999924,-1.3559999466
312,866,C,NA,NA,NA,NA,8.5095996857,2.2871999741,-1.3729000092
313,1126,C,NA,NA,NA,NA,8.1969995499,2.2660000324,-1.3569999933
314,355,B,3,7,2,2,7.5300002098,1.7200000286,-1.5700000525
315,356,B,2,8,2,3,7.5399999619,1.7100000381,-1.5900000334
316,354,B,2,7,2,3,7.6599998474,1.8799999952,-1.5900000334
317,875,C,2,7,2,3,3.8729999065,3.0299999714,-1.442999959
318,889,C,3,6,2,1,3.8480000496,3.0320000648,-1.4470000267
319,886,C,2,2,3,3,3.5950000286,2.9179999828,-1.4880000353
320,891,C,3,1,2,2,3.5820000172,2.8550000191,-1.5290000439
321,819,C,2,7,2,3,5.3119997978,2.7060000896,-1.4789999723
322,895,C,3,8,3,2,5.9127998352,2.5392000675,-1.4596999884
323,901,C,2,8,2,3,5.0430998802,2.7715001106,-1.5126999617
324,759,C,3,8,2,2,6.368999958,2.1549999714,-1.4559999704
325,760,C,3,7,2,2,6.5970001221,2.0280001163,-1.4750000238
326,774,C,NA,NA,NA,NA,6.4990000725,2.5720000267,-1.4609999657
327,770,C,NA,NA,NA,NA,6.6079998016,2.2260000706,-1.4739999771
328,768,C,3,8,2,2,6.4869999886,2.6500000954,-1.4930000305
329,767,C,3,5,3,2,6.6300001144,2.2460000515,-1.4789999723
330,762,C,NA,NA,NA,NA,6.0500001907,2.6010000706,-1.5010000467
331,771,C,4,5,3,2,6.609000206,2.0639998913,-1.5089999437
332,765,C,4,5,2,2,6.3819999695,2.1970000267,-1.503000021
333,763,C,NA,NA,NA,NA,6.4569997787,2.5250000954,-1.5290000439
334,772,C,NA,NA,NA,NA,6.5960001945,2.0380001068,-1.5210000277
335,773,C,3,6,2,2,6.6050000191,2.0539999008,-1.5199999809
336,776,C,2,7,2,3,6.108399868,2.5327000618,-1.5144000053
337,777,C,2,7,2,3,6.0637001991,2.6812999249,-1.5307999849
338,781,C,2,8,2,3,6.380300045,2.3131000996,-1.5171999931
339,797,C,NA,NA,NA,NA,6.8246998787,2.1445999146,-1.5132000446
340,795,C,NA,NA,NA,NA,6.4010000229,2.364000082,-1.5099999905
341,808,C,4,6,3,1,6.4984002113,2.6435000896,-1.5295000076
342,792,C,NA,NA,NA,NA,6.4917998314,2.6401000023,-1.5273000002
343,817,C,2,5,2,1,6.5650000572,2.7320001125,-1.5190000534
344,801,C,3,8,2,2,6.7955999374,2.0966999531,-1.5334999561
345,794,C,NA,NA,NA,NA,6.4086999893,2.1579999924,-1.5453000069
346,796,C,NA,NA,NA,NA,6.0938000679,2.4298000336,-1.4991999865
347,823,C,2,7,2,3,6.3467998505,2.2953999043,-1.5281000137
348,824,C,NA,NA,NA,NA,6.5599999428,2.628000021,-1.5479999781
349,825,C,2,7,2,3,6.228000164,2.3870000839,-1.1399999857
350,826,C,3,7,2,2,5.0560002327,2.6270000935,-1.5559999943
351,868,C,NA,NA,NA,NA,6.6680002213,2.1070001125,-1.6619999409
352,697,C,NA,NA,NA,NA,7.8000001907,2.2000000477,-1.4700000286
353,698,C,2,8,2,3,7.8600001335,2.2899999619,-1.4900000095
354,358,C,2,7,3,3,7.2800002098,2.3800001144,-1.5499999523
355,757,C,4,7,2,2,7.290500164,2.3879001141,-1.524799943
356,841,C,2,8,2,3,7.6810002327,2.5230000019,-1.5310000181
357,852,C,NA,NA,NA,NA,8.5959997177,2.2990000248,-1.4529999495
358,900,C,NA,NA,NA,NA,8.3660001755,2.1429998875,-1.4889999628
359,885,C,3,7,2,2,8.3199996948,2.1319999695,-1.5089999437
360,865,C,3,6,3,2,8.3159999847,2.0569999218,-1.5080000162
361,359,B,2,8,3,3,7.3000001907,1.9400000572,-1.6799999475
362,1167,C,NA,NA,NA,NA,3.8800001144,2.8480000496,-1.5460000038
363,1174,C,NA,NA,NA,NA,3.9159998894,2.7939999104,-1.5260000229
364,1180,C,NA,NA,NA,NA,3.9360001087,2.8459999561,-1.5260000229
365,1187,C,NA,NA,NA,NA,3.9130001068,2.9100000858,-1.5420000553
366,1193,C,NA,NA,NA,NA,3.9530000687,2.8819999695,-1.5809999704
367,1199,C,NA,NA,NA,NA,3.3499999046,2.9500000477,-1.5939999819
368,1217,C,NA,NA,NA,NA,3.3380000591,2.7920000553,-1.6119999886
369,1222,C,NA,NA,NA,NA,3.6649999619,2.6510000229,-1.5559999943
370,1228,C,NA,NA,NA,NA,3.6940000057,2.5710000992,-1.5609999895
371,1233,C,NA,NA,NA,NA,3.9079999924,2.9579999447,-1.6180000305
372,1240,C,NA,NA,NA,NA,3.7239999771,2.7769999504,-1.6180000305
373,1244,C,NA,NA,NA,NA,3.9820001125,2.8550000191,-1.6469999552
374,1250,C,NA,NA,NA,NA,3.4360001087,2.9110000134,-1.6109999418
375,1255,C,NA,NA,NA,NA,3.5529999733,2.9110000134,-1.5789999962
376,789,C,2,5,2,3,5.2115001678,2.4567000866,-1.5535999537
377,779,C,NA,3,3,2,5.1757001877,2.456799984,-1.5571000576
378,788,C,4,5,3,2,5.5604000092,2.3870000839,-1.5446000099
379,782,C,2,6,2,3,5.5441999435,2.3475999832,-1.5676000118
380,783,C,NA,NA,NA,NA,5.5022001266,2.3643000126,-1.5911999941
381,806,C,2,7,2,3,5.3330998421,2.3698000908,-1.6413999796
382,812,C,2,3,2,3,5.3685002327,2.3817000389,-1.6368000507
383,813,C,NA,NA,NA,NA,5.3585000038,2.4565999508,-1.6370999813
384,798,C,NA,NA,NA,NA,5.3585000038,2.4565999508,-1.6370999813
385,802,C,2,8,3,3,5.3772001266,2.4251999855,-1.6344000101
386,899,C,2,3,3,3,5.0025000572,2.7518000603,-1.6124000549
387,877,C,2,8,2,3,5.0521001816,2.5905001163,-1.6016999483
388,867,C,NA,NA,NA,NA,5.7316999435,2.2783999443,-1.6215000153
389,876,C,3,7,2,2,5.665599823,2.2960999012,-1.6380000114
390,878,C,2,2,2,3,5.1145000458,2.6157000065,-1.6109999418
391,879,C,NA,NA,NA,NA,5.0552000999,2.6261000633,-1.6366000175
392,810,C,2,3,2,3,6.5668997765,2.1096999645,-1.5568000078
393,793,C,NA,NA,NA,NA,6.4446001053,2.0520999432,-1.5532000065
394,816,C,3,3,4,2,6.4960999489,2.035599947,-1.5499999523
395,843,C,NA,NA,NA,NA,6.440199852,2.4939000607,-1.6129000187
396,844,C,NA,NA,NA,NA,6.5448999405,2.070800066,-1.5843000412
397,848,C,3,7,3,2,6.4532999992,2.1826000214,-1.6200000048
398,849,C,3,4,3,2,6.5244002342,2.5950000286,-1.5829999447
399,833,C,4,2,2,2,6.5446000099,2.6454999447,-1.5863000154
400,869,C,NA,NA,NA,NA,6.12169981,2.1052000523,-1.6309000254
401,882,C,3,6,3,2,6.3516001701,2.2160999775,-1.6340999603
402,870,C,NA,NA,NA,NA,6.3369002342,2.1219000816,-1.6345000267
403,871,C,NA,NA,NA,NA,6.0581002235,2.1068000793,-1.6315000057
404,872,C,NA,NA,NA,NA,6.0107998848,2.1403000355,-1.6469999552
405,888,C,2,7,2,1,6.6676998138,2.1073000431,-1.6624000072
406,873,C,NA,NA,NA,NA,6.6350002289,2.5190000534,-1.5800000429
407,874,C,NA,NA,NA,NA,6.6339998245,2.4809999466,-1.5900000334
408,860,C,3,6,3,1,6.1999998093,2.4460000992,-1.5729999542
409,859,C,3,5,2,1,6.5040001869,2.5529999733,-1.6319999695
410,861,C,NA,NA,NA,NA,6.984000206,2.635999918,-1.6260000467
411,903,C,NA,NA,NA,NA,6.1519999504,2.4300000668,-1.6210000515
412,864,C,2,4,3,3,6.4660000801,2.5620000362,-1.6349999905
413,887,C,NA,3,2,2,6.4650001526,2.5439999104,-1.6419999599
414,855,C,2,5,3,3,6.4289999008,2.6500000954,-1.6460000277
415,863,C,NA,NA,NA,NA,6.3090000153,2.4690001011,-1.6399999857
416,856,C,NA,NA,NA,NA,6.2270002365,2.3469998837,-1.6390000582
417,858,C,2,4,3,1,6.2729997635,2.3399999142,-1.6339999437
418,1131,C,NA,NA,NA,NA,8.1129999161,2.1659998894,-1.574000001
419,1144,C,NA,NA,NA,NA,8.0880002975,2.1779999733,-1.5779999495
420,1148,C,NA,NA,NA,NA,8.1059999466,2.131000042,-1.6150000095
421,1153,C,NA,NA,NA,NA,8.1190004349,2.1150000095,-1.6339999437
422,1160,C,NA,NA,NA,NA,8.5570001602,2.1930000782,-1.6059999466
423,831,C,2,5,2,1,6.5689997673,1.9750000238,-1.6069999933
424,360,B,1,3,2,3,7.2600002289,1.7999999523,-0.8500000238
425,968,C,NA,NA,NA,NA,8.4440002441,1.9279999733,-1.5850000381
426,1074,C,NA,NA,NA,NA,8.3070001602,1.9400000572,-1.5939999819
427,1206,C,NA,NA,NA,NA,8.2239999771,1.9190000296,-1.6069999933
428,1264,C,NA,NA,NA,NA,8.236000061,1.8999999762,-1.6239999533
429,1289,C,NA,NA,NA,NA,8.1700000763,1.9309999943,-1.6369999647
430,1303,C,NA,NA,NA,NA,8.4280004501,1.7929999828,-1.6230000257
431,804,C,2,6,2,1,5.4422998428,2.2228000164,-1.6756999493
432,818,C,3,6,3,2,5.3067998886,2.2973999977,-1.7029999495
433,840,C,2,4,3,3,5.4958000183,2.3217999935,-1.6569000483
434,827,C,NA,NA,NA,NA,5.4883999825,2.4256999493,-1.6330000162
435,828,C,4,7,2,2,5.3376998901,2.568500042,-1.7015999556
436,845,C,NA,NA,NA,NA,5.4812002182,2.3596999645,-1.7244000435
437,851,C,2,8,2,3,5.0595998764,2.611000061,-1.6991000175
438,853,C,3,3,3,2,5.8329000473,2.2344999313,-1.6498999596
439,862,C,NA,NA,NA,NA,5.8428997993,2.2681000233,-1.6600999832
440,857,C,NA,NA,NA,NA,5.9134998322,2.0920000076,-1.6818000078
441,983,C,NA,NA,NA,NA,6.2820000648,2.378000021,-1.6180000305
442,984,C,NA,NA,NA,NA,6.3010001183,2.5940001011,-1.675999999
443,985,C,NA,NA,NA,NA,6.3229999542,2.6129999161,-1.6890000105
444,986,C,NA,NA,NA,NA,6.492000103,2.4670000076,-1.6519999504
445,987,C,NA,NA,NA,NA,6.5809998512,2.5829999447,-1.6629999876
446,988,C,NA,NA,NA,NA,6.5999999046,2.5959999561,-1.7009999752
447,989,C,NA,NA,NA,NA,6.1659998894,2.0750000477,-1.6909999847
448,990,C,NA,NA,NA,NA,6.5349998474,2.2269999981,-1.7189999819
449,999,C,NA,NA,NA,NA,6.3819999695,2.1800000668,-1.7239999771
450,1000,C,NA,NA,NA,NA,6.1929998398,2.4189999104,-1.7419999838
451,1001,C,NA,NA,NA,NA,6.1880002022,2.0590000153,-1.7050000429
452,1002,C,NA,NA,NA,NA,6.2259998322,2.010999918,-1.7359999418
453,1335,C,NA,NA,NA,NA,6.1950001717,2.0510001183,-1.6900000572
454,1336,C,NA,NA,NA,NA,6.3280000687,2.239000082,-1.6829999685
455,1337,C,NA,NA,NA,NA,6.2230000496,2.3459999561,-1.6519999504
456,361,C,2,8,2,3,7.6500000954,2.25,-1.7400000095
457,756,C,3,8,3,2,7.7388000488,2.2850999832,-1.7187000513
458,780,C,2,7,2,3,7.1452999115,2.484400034,-1.6857999563
459,790,C,NA,NA,NA,NA,7.1570000648,2.5297000408,-1.7163000107
460,880,C,3,6,2,2,7.4699997902,2.3083000183,-1.6480000019
461,1093,C,NA,NA,NA,NA,7.9689998627,2.1949999332,-1.7089999914
462,1168,C,NA,NA,NA,NA,8.4779996872,2.367000103,-1.6469999552
463,1175,C,NA,NA,NA,NA,8.1780004501,2.0580000877,-1.6870000362
464,847,C,3,7,2,2,5.5009999275,2.2890000343,-1.7610000372
465,890,C,2,2,2,3,5.2210001945,2.7279999256,-1.8339999914
466,898,C,NA,NA,NA,NA,5.9580001831,2.0620000362,-1.8059999943
467,1004,C,NA,NA,NA,NA,6.3260002136,2.0739998817,-1.7749999762
468,1005,C,NA,NA,NA,NA,6.2950000763,2.3280000687,-1.7879999876
469,1006,C,NA,NA,NA,NA,6.2940001488,2.3619999886,-1.8059999943
470,1007,C,NA,NA,NA,NA,6.3379998207,2.364000082,-1.8150000572
471,1008,C,NA,NA,NA,NA,6.234000206,2.2539999485,-1.8480000496
472,1009,C,NA,NA,NA,NA,6.2350001335,2.111000061,-1.8400000334
473,1016,C,NA,NA,NA,NA,6.228000164,2.135999918,-1.8400000334
474,1017,C,NA,NA,NA,NA,6.2179999352,2.1240000725,-1.8439999819
475,1018,C,NA,NA,NA,NA,6.2690000534,2.1600000858,-1.8320000172
476,1019,C,NA,NA,NA,NA,6.2789998055,2.1749999523,-1.8450000286
477,1020,C,NA,NA,NA,NA,6.2600002289,2.1510000229,-1.8480000496
478,1021,C,NA,NA,NA,NA,6.3400001526,2.0390000343,-1.8200000525
479,1022,C,NA,NA,NA,NA,6.3340001106,2.0759999752,-1.8350000381
480,1023,C,NA,NA,NA,NA,6.5069999695,2.0950000286,-1.8309999704
481,1030,C,NA,NA,NA,NA,6.2740001678,2.246999979,-1.8500000238
482,1031,C,NA,NA,NA,NA,6.4770002365,2.5369999409,-1.7280000448
483,1032,C,NA,NA,NA,NA,6.6399998665,2.5959999561,-1.7940000296
484,1181,C,NA,NA,NA,NA,8.2620000839,2.0499999523,-1.7580000162
485,969,C,NA,NA,NA,NA,6.5100002289,1.8919999599,-1.7710000277
486,1075,C,NA,NA,NA,NA,6.632999897,1.9110000134,-1.7250000238
487,1325,C,NA,NA,NA,NA,8.5900001526,1.7009999752,-1.7569999695
488,975,C,NA,NA,NA,NA,8.4879999161,1.6160000563,-1.756000042
489,991,C,NA,NA,NA,NA,8.5059995651,1.6449999809,-1.7669999599
490,1010,C,NA,NA,NA,NA,8.4560003281,1.6499999762,-1.7619999647
491,1036,C,NA,NA,NA,NA,8.3599996567,1.6150000095,-1.8420000076
492,1041,C,NA,NA,NA,NA,8.3990001678,1.5759999752,-1.8400000334
493,892,C,2,7,3,3,5.6649999619,2.0392000675,-1.8766000271
494,1296,C,NA,NA,NA,NA,5.2740001678,2.5510001183,-1.9060000181
495,1297,C,NA,NA,NA,NA,5.8509998322,2.138999939,-1.8669999838
496,1298,C,NA,NA,NA,NA,5.8340001106,2.1619999409,-1.8609999418
497,1299,C,NA,NA,NA,NA,5.140999794,2.246999979,-1.9099999666
498,1301,C,NA,NA,NA,NA,5.8839998245,2.1489999294,-1.8960000277
499,1302,C,NA,NA,NA,NA,5.1750001907,2.2679998875,-1.9349999428
500,1312,C,NA,NA,NA,NA,5.2410001755,2.1989998817,-1.9409999847
501,1314,C,NA,NA,NA,NA,5.2729997635,2.3320000172,-1.9340000153
502,1315,C,NA,NA,NA,NA,5.7490000725,2.1919999123,-1.9140000343
503,1316,C,NA,NA,NA,NA,5.734000206,2.003000021,-1.8999999762
504,1033,C,NA,NA,NA,NA,6.4499998093,2.1619999409,-1.8489999771
505,1034,C,NA,NA,NA,NA,6.3400001526,2.242000103,-1.8559999466
506,1035,C,NA,NA,NA,NA,6.3260002136,2.3489999771,-1.8559999466
507,1047,C,NA,NA,NA,NA,8.3879995346,1.5490000248,-1.8990000486
508,1054,C,NA,NA,NA,NA,8.3509998322,1.5659999847,-1.8550000191
509,1061,C,NA,NA,NA,NA,8.3920001984,1.5980000496,-1.8650000095
510,1066,C,NA,NA,NA,NA,8.373000145,1.557000041,-1.9359999895
511,970,D,NA,NA,NA,NA,3.6019999981,2.8900001049,-1.6289999485
512,1076,D,NA,NA,NA,NA,3.5350000858,2.9200000763,-1.6619999409
513,1138,D,NA,NA,NA,NA,3.5639998913,2.9590001106,-1.6419999599
514,1207,D,NA,NA,NA,NA,3.5859999657,2.9119999409,-1.6339999437
515,1265,D,NA,NA,NA,NA,3.7249999046,2.760999918,-1.6369999647
516,1324,D,NA,NA,NA,NA,3.361000061,2.7550001144,-1.7239999771
517,1304,D,NA,NA,NA,NA,3.4179999828,2.7569999695,-1.7079999447
518,1323,D,NA,NA,NA,NA,3.4100000858,2.7569999695,-1.7220000029
519,908,D,NA,NA,NA,NA,4.3660001755,2.7620000839,-1.7000000477
520,909,D,NA,NA,NA,NA,4.138999939,2.5559999943,-1.6809999943
521,910,D,NA,NA,NA,NA,4.1500000954,2.5810000896,-1.6900000572
522,911,D,2,7,3,3,4.131000042,2.638999939,-1.67900002
523,912,D,3,8,2,2,4.0910000801,2.5510001183,-1.7250000238
524,913,D,2,4,3,3,4.140999794,2.5209999084,-1.7139999866
525,1326,D,NA,NA,NA,NA,3.1459999084,2.7369999886,-1.7819999456
526,976,D,NA,NA,NA,NA,3.3980000019,2.7880001068,-1.7640000582
527,992,D,NA,NA,NA,NA,3.5899999142,2.8450000286,-1.8159999847
528,1011,D,NA,NA,NA,NA,3.7509999275,2.9349999428,-1.8190000057
529,1024,D,NA,NA,NA,NA,3.8220000267,2.760999918,-1.7749999762
530,1037,D,NA,NA,NA,NA,3.5599999428,2.9489998817,-1.8450000286
531,1042,D,NA,NA,NA,NA,3.9900000095,2.9070000648,-1.7810000181
532,1048,D,NA,NA,NA,NA,3.6440000534,2.9119999409,-1.7760000229
533,1055,D,NA,NA,NA,NA,3.6019999981,2.9349999428,-1.7960000038
534,1288,D,NA,NA,NA,NA,3.4260001183,2.9460000992,-1.7890000343
535,971,D,NA,NA,NA,NA,6.3169999123,2.5929999352,-1.8159999847
536,1077,D,NA,NA,NA,NA,6.3249998093,2.1050000191,-1.8220000267
537,1098,D,NA,NA,NA,NA,6.9450001717,2.1040000916,-1.7419999838
538,1176,D,NA,NA,NA,NA,6.2300000191,2.0980000496,-1.8519999981
539,972,D,NA,NA,NA,NA,7.373000145,2.132999897,-1.7940000296
540,1078,D,NA,NA,NA,NA,7.7239999771,2.3450000286,-1.753000021
541,1140,D,NA,NA,NA,NA,7.4660000801,2.2980000973,-1.8190000057
542,1208,D,NA,NA,NA,NA,7.0419998169,2.0429999828,-1.8170000315
543,1266,D,NA,NA,NA,NA,7.5359997749,2.3199999332,-1.8229999542
544,1290,D,NA,NA,NA,NA,7.6430001259,2.1949999332,-1.8309999704
545,1305,D,NA,NA,NA,NA,7.6620001793,2.2019999027,-1.8409999609
546,1327,D,NA,NA,NA,NA,7.6380000114,2.2219998837,-1.8489999771
547,977,D,NA,NA,NA,NA,7.6719999313,2.2309999466,-1.8480000496
548,1025,D,NA,NA,NA,NA,7.007999897,2.0150001049,-1.8589999676
549,973,D,NA,NA,NA,NA,8.5329999924,1.7899999619,-1.7769999504
550,1079,D,NA,NA,NA,NA,8.5659999847,1.682000041,-1.8190000057
551,1141,D,NA,NA,NA,NA,8.4630002975,1.756000042,-1.7910000086
552,1209,D,NA,NA,NA,NA,8.5920000076,1.6009999514,-1.8550000191
553,1267,D,NA,NA,NA,NA,8.4160003662,1.9160000086,-1.8059999943
554,1291,D,NA,NA,NA,NA,8.4790000916,1.8730000257,-1.7940000296
555,1306,D,NA,NA,NA,NA,8.4440002441,1.9279999733,-1.8150000572
556,1062,D,NA,NA,NA,NA,3.8369998932,2.7460000515,-1.8680000305
557,1067,D,NA,NA,NA,NA,3.3380000591,2.8210000992,-1.9240000248
558,1085,D,NA,NA,NA,NA,7.0560002327,2.3059999943,-2.256000042
559,1086,D,NA,NA,NA,NA,7.0560002327,2.3059999943,-2.256000042
560,1094,D,NA,NA,NA,NA,7.0560002327,2.3059999943,-2.256000042
561,1099,D,NA,NA,NA,NA,7.0560002327,2.3059999943,-2.256000042
562,1104,D,NA,NA,NA,NA,3.5629999638,2.7379999161,-1.9340000153
563,1109,D,NA,NA,NA,NA,3.6029999256,2.9210000038,-1.9450000525
564,1068,D,NA,NA,NA,NA,4.521999836,2.5150001049,-1.8860000372
565,1211,D,NA,NA,NA,NA,6.2550001144,2.378000021,-1.8650000095
566,1268,D,NA,NA,NA,NA,6.5269999504,2.1540000439,-1.8880000114
567,1292,D,NA,NA,NA,NA,6.6100001335,2.0950000286,-1.8869999647
568,1307,D,NA,NA,NA,NA,6.2309999466,2.368999958,-1.8569999933
569,1318,D,NA,NA,NA,NA,6.2179999352,2.0529999733,-1.824000001
570,978,D,NA,NA,NA,NA,6.3579998016,2.368999958,-1.8899999857
571,993,D,NA,NA,NA,NA,6.5089998245,2.5889999866,-1.868999958
572,1026,D,NA,NA,NA,NA,6.2239999771,2.1059999466,-1.8789999485
573,1038,D,NA,NA,NA,NA,6.2389998436,2.0469999313,-1.9019999504
574,1043,D,NA,NA,NA,NA,6.109000206,2.1289999485,-1.868999958
575,1049,D,NA,NA,NA,NA,6.3119997978,2.0940001011,-1.9179999828
576,1057,D,NA,NA,NA,NA,6.2430000305,2.013999939,-1.925999999
577,1063,D,NA,NA,NA,NA,6.1630001068,2.3510000706,-1.8830000162
578,1069,D,NA,NA,NA,NA,6.5510001183,2.5610001087,-1.9069999456
579,1087,D,NA,NA,NA,NA,6.2550001144,2.1229999065,-1.9220000505
580,1105,D,NA,NA,NA,NA,6.8740000725,2.0369999409,-1.8710000515
581,1110,D,NA,NA,NA,NA,6.8460001945,2.0820000172,-1.949000001
582,1132,D,NA,NA,NA,NA,6.0250000954,2.0840001106,-1.9069999456
583,1149,D,NA,NA,NA,NA,6.0710000992,2.2119998932,-1.9140000343
584,1154,D,NA,NA,NA,NA,6.9050002098,2.0230000019,-1.9060000181
585,1161,D,NA,NA,NA,NA,6.9380002022,2.0480000973,-1.9090000391
586,1039,D,NA,NA,NA,NA,7.2230000496,2.0409998894,-1.8760000467
587,1050,D,NA,NA,NA,NA,7.3410000801,2.1010000706,-1.9309999943
588,974,D,NA,NA,NA,NA,7.1659998894,1.925999999,-1.9240000248
589,1080,D,NA,NA,NA,NA,7.1950001717,1.9370000362,-1.9240000248
590,1142,D,NA,NA,NA,NA,7.228000164,1.9670000076,-1.9140000343
591,1212,D,NA,NA,NA,NA,7.1770000458,1.9550000429,-1.92900002
592,1308,D,NA,NA,NA,NA,7.0460000038,1.9249999523,-1.8919999599
593,1329,D,NA,NA,NA,NA,8.5450000763,1.6239999533,-1.875
594,979,D,NA,NA,NA,NA,8.4259996414,1.8869999647,-1.8580000401
595,995,D,NA,NA,NA,NA,8.5570001602,1.5599999428,-1.9420000315
596,1013,D,NA,NA,NA,NA,8.4689998627,1.932000041,-1.8459999561
597,1027,D,NA,NA,NA,NA,8.6040000916,1.5559999943,-1.9539999962
598,1121,D,NA,NA,NA,NA,3.3980000019,2.8139998913,-1.9609999657
599,1127,D,NA,NA,NA,NA,3.5239999294,2.7300000191,-1.9550000429
600,1133,D,NA,NA,NA,NA,3.8350000381,2.8459999561,-1.9500000477
601,1145,D,NA,NA,NA,NA,3.8599998951,2.7880001068,-1.9479999542
602,1162,D,NA,NA,NA,NA,3.8710000515,2.6619999409,-1.9589999914
603,1169,D,NA,NA,NA,NA,3.8429999352,2.7320001125,-1.9670000076
604,1177,D,NA,NA,NA,NA,3.8329999447,2.7809998989,-1.9570000172
605,1082,D,NA,NA,NA,NA,4.6009998322,2.4079999924,-1.942999959
606,1088,D,NA,NA,NA,NA,4.5570001602,2.5520000458,-1.9919999838
607,1101,D,NA,NA,NA,NA,4.4790000916,2.4059998989,-2.007999897
608,1106,D,NA,NA,NA,NA,4.6069998741,2.3080000877,-2.007999897
609,1111,D,NA,NA,NA,NA,4.0560002327,2.5940001011,-1.993999958
610,1116,D,NA,NA,NA,NA,4.4739999771,2.496999979,-2.0499999523
611,1213,D,NA,NA,NA,NA,5.1950001717,2.2079999447,-1.9739999771
612,1269,D,NA,NA,NA,NA,5.1950001717,2.3320000172,-1.9720000029
613,1293,D,NA,NA,NA,NA,5.1950001717,2.3269999027,-1.996999979
614,1309,D,NA,NA,NA,NA,5.1950001717,2.1540000439,-2.0050001144
615,1319,D,NA,NA,NA,NA,5.1950001717,2.364000082,-2.007999897
616,1331,D,NA,NA,NA,NA,5.1950001717,2.0940001011,-1.9579999447
617,980,D,NA,NA,NA,NA,5.1950001717,2.1870000362,-1.9500000477
618,996,D,NA,NA,NA,NA,5.1950001717,2.1860001087,-1.9550000429
619,1014,D,NA,NA,NA,NA,5.1950001717,2.1919999123,-2.0260000229
620,1028,D,NA,NA,NA,NA,5.1950001717,2.2279999256,-2.0490000248
621,1040,D,NA,NA,NA,NA,5.1950001717,2.0820000172,-2.0390000343
622,1044,D,NA,NA,NA,NA,5.1950001717,2.1619999409,-2.0450000763
623,1051,D,NA,NA,NA,NA,5.1950001717,2.260999918,-2.0199999809
624,1058,D,NA,NA,NA,NA,5.1950001717,2.121999979,-2.0130000114
625,1064,D,NA,NA,NA,NA,5.1950001717,2.0450000763,-2.0429999828
626,1070,D,NA,NA,NA,NA,5.1950001717,2.0739998817,-1.9889999628
627,1083,D,NA,NA,NA,NA,5.1950001717,2.0280001163,-2.0199999809
628,1089,D,NA,NA,NA,NA,5.1950001717,2.0360000134,-1.9579999447
629,1281,D,NA,NA,NA,NA,5.9640002251,2.3250000477,-1.9500000477
630,1117,D,NA,NA,NA,NA,6.501999855,2.135999918,-1.9639999866
631,1122,D,NA,NA,NA,NA,6.3099999428,2.0399999619,-1.9720000029
632,1128,D,NA,NA,NA,NA,6.3239998817,2.1689999104,-1.9800000191
633,1170,D,NA,NA,NA,NA,6.3579998016,2.4719998837,-2
634,1182,D,NA,NA,NA,NA,6.0809998512,2.1270000935,-1.9880000353
635,1188,D,NA,NA,NA,NA,6.5980000496,2.1719999313,-2.0260000229
636,1194,D,NA,NA,NA,NA,6.3299999237,2.2539999485,-2.0409998894
637,1200,D,NA,NA,NA,NA,6.9099998474,2.0850000381,-1.996999979
638,1081,D,NA,NA,NA,NA,6.5949997902,1.7549999952,-1.9520000219
639,1143,D,NA,NA,NA,NA,6.5739998817,1.875,-1.9759999514
640,1214,D,NA,NA,NA,NA,6.5110001564,1.9049999714,-1.9809999466
641,1270,D,NA,NA,NA,NA,6.4759998322,1.9440000057,-1.9689999819
642,1294,D,NA,NA,NA,NA,6.4530000687,1.9210000038,-1.9700000286
643,1310,D,NA,NA,NA,NA,6.4429998398,1.8600000143,-1.9889999628
644,1320,D,NA,NA,NA,NA,6.5120000839,1.8739999533,-1.9880000353
645,1332,D,NA,NA,NA,NA,6.7540001869,1.8329999447,-2.0490000248
646,981,D,NA,NA,NA,NA,6.507999897,1.932000041,-1.9989999533
647,997,D,NA,NA,NA,NA,6.4450001717,1.9099999666,-2.0290000439
648,1321,D,NA,NA,NA,NA,7.0269999504,1.824000001,-2.0490000248
649,1333,D,NA,NA,NA,NA,7.0009999275,1.9910000563,-1.94599998
650,1045,D,NA,NA,NA,NA,8.5120000839,1.3669999838,-2.0020000935
651,1052,D,NA,NA,NA,NA,8.5989999771,1.6130000353,-1.9665999413
652,1059,D,NA,NA,NA,NA,8.5050001144,1.5260000229,-2.0009999275
653,1065,D,NA,NA,NA,NA,8.4259996414,1.3589999676,-2.0299999714
654,1071,D,NA,NA,NA,NA,8.2899999619,1.4279999733,-2.0209999084
655,1084,D,NA,NA,NA,NA,8.3409996033,1.4709999561,-2.0230000019
656,1090,D,NA,NA,NA,NA,8.1829996109,1.4470000267,-2.0290000439
657,1095,D,NA,NA,NA,NA,8.5399999619,1.4839999676,-2.0280001163
658,1102,D,NA,NA,NA,NA,8.1940002441,1.4270000458,-2.0539999008
659,1108,D,NA,NA,NA,NA,8.2510004044,1.5269999504,-2.0429999828
660,1113,D,NA,NA,NA,NA,8.3389997482,1.425999999,-2.0360000134
661,1118,D,NA,NA,NA,NA,8.3249998093,1.5279999971,-2.0190000534
662,1134,D,NA,NA,NA,NA,8.6470003128,1.6610000134,-2.0009999275
663,1146,D,NA,NA,NA,NA,8.5,1.8819999695,-1.9539999962
664,1183,D,NA,NA,NA,NA,3.5450000763,2.6649999619,-2.0610001087
665,1189,D,NA,NA,NA,NA,3.8239998817,2.6640000343,-2.1019999981
666,1195,D,NA,NA,NA,NA,3.4130001068,2.6919999123,-2.1059999466
667,1201,D,NA,NA,NA,NA,3.4930000305,2.7780001163,-2.1380000114
668,1218,D,NA,NA,NA,NA,3.3320000172,2.4539999962,-2.1530001163
669,1223,D,NA,NA,NA,NA,3.1540000439,2.5799999237,-2.1489999294
670,1123,D,NA,NA,NA,NA,4.0590000153,2.5929999352,-2.1080000401
671,1129,D,NA,NA,NA,NA,4.1079998016,2.5739998817,-2.1129999161
672,1096,D,NA,NA,NA,NA,5.0850000381,2.3900001049,-2.0680000782
673,1103,D,NA,NA,NA,NA,5.6680002213,2.0429999828,-2.0789999962
674,1224,D,NA,NA,NA,NA,6.8379998207,2.1760001183,-2.0629999638
675,1229,D,NA,NA,NA,NA,6.875,2.1400001049,-2.0620000362
676,1234,D,NA,NA,NA,NA,6.3489999771,2.4749999046,-2.1040000916
677,1241,D,NA,NA,NA,NA,6.3390002251,2.4040000439,-2.1210000515
678,1245,D,NA,NA,NA,NA,6.5630002022,2.3020000458,-2.0460000038
679,1251,D,NA,NA,NA,NA,6.3289999962,2.2620000839,-2.1449999809
680,1256,D,NA,NA,NA,NA,6.3979997635,2.6300001144,-2.0380001068
681,1015,D,NA,NA,NA,NA,6.5289998055,1.7699999809,-2.0940001011
682,1029,D,NA,NA,NA,NA,6.4310002327,1.8839999437,-2.0969998837
683,1046,D,NA,NA,NA,NA,6.5339999199,1.8259999752,-2.1240000725
684,1053,D,NA,NA,NA,NA,6.5529999733,1.8539999723,-2.131000042
685,1060,D,NA,NA,NA,NA,6.7030000687,1.8259999752,-2.0850000381
686,1092,D,NA,NA,NA,NA,6.4869999886,1.9550000429,-2.1029999256
687,1097,D,NA,NA,NA,NA,6.7490000725,1.7829999924,-2.0969998837
688,1150,D,NA,NA,NA,NA,8.5920000076,1.5,-2.0680000782
689,1155,D,NA,NA,NA,NA,8.517999649,1.5329999924,-2.0840001106
690,1163,D,NA,NA,NA,NA,8.3739995956,1.5379999876,-2.0690000057
691,1171,D,NA,NA,NA,NA,8.3839998245,1.5859999657,-2.0769999027
692,1178,D,NA,NA,NA,NA,8.3950004578,1.6059999466,-2.0639998913
693,1184,D,NA,NA,NA,NA,8.3420000076,1.307000041,-2.0669999123
694,1190,D,NA,NA,NA,NA,8.3140001297,1.6330000162,-2.0610001087
695,1196,D,NA,NA,NA,NA,8.2290000916,1.5169999599,-2.1040000916
696,1203,D,NA,NA,NA,NA,8.4130001068,1.6699999571,-2.0460000038
697,1219,D,NA,NA,NA,NA,8.5209999084,1.8229999542,-2.0550000668
698,1225,D,NA,NA,NA,NA,8.2229995728,1.5529999733,-2.0840001106
699,1235,D,NA,NA,NA,NA,8.3050003052,1.7100000381,-2.117000103
700,1230,D,NA,NA,NA,NA,3.3029999733,2.8340001106,-2.1570000648
701,1237,D,NA,NA,NA,NA,3.8459999561,2.6949999332,-2.1619999409
702,1246,D,NA,NA,NA,NA,3.3090000153,2.7190001011,-2.1930000782
703,1257,D,NA,NA,NA,NA,3.2409999371,2.8289999962,-2.1730000973
704,1261,D,NA,NA,NA,NA,3.3250000477,2.885999918,-2.1679999828
705,1273,D,NA,NA,NA,NA,3.2829999924,2.625,-2.2230000496
706,1276,D,NA,NA,NA,NA,3.8420000076,2.8580000401,-2.1779999733
707,1279,D,NA,NA,NA,NA,3.756000042,2.8440001011,-2.1779999733
708,1284,D,NA,NA,NA,NA,3.4210000038,2.7630000114,-2.2460000515
709,1286,D,NA,NA,NA,NA,3.3770000935,2.3450000286,-2.2290000916
710,1135,D,NA,NA,NA,NA,4.5809998512,2.7190001011,-2.1710000038
711,1151,D,NA,NA,NA,NA,4.9850001335,2.4830000401,-2.2079999447
712,1157,D,NA,NA,NA,NA,4.9739999771,2.507999897,-2.2039999962
713,1124,D,NA,NA,NA,NA,5.5970001221,2.1579999924,-2.1809999943
714,1130,D,NA,NA,NA,NA,5.2170000076,2.0499999523,-2.1849999428
715,1136,D,NA,NA,NA,NA,5.5320000648,2.3059999943,-2.1270000935
716,1147,D,NA,NA,NA,NA,5.1490001678,2.1099998951,-2.2309999466
717,1152,D,NA,NA,NA,NA,5.382999897,2.3580000401,-2.2379999161
718,1272,D,NA,NA,NA,NA,5.2470002174,1.9420000315,-2.2550001144
719,1242,D,NA,NA,NA,NA,8.3260002136,1.4850000143,-2.1619999409
720,1247,D,NA,NA,NA,NA,8.5640001297,1.44599998,-2.2160000801
721,1252,D,NA,NA,NA,NA,8.1789999008,1.2120000124,-2.260999918
722,1258,D,NA,NA,NA,NA,8.390999794,1.7389999628,-2.2119998932
723,1262,D,NA,NA,NA,NA,8.4110002518,1.7569999695,-2.2049999237
724,1263,D,NA,NA,NA,NA,8.361000061,1.7259999514,-2.1840000153
725,1274,D,NA,NA,NA,NA,8.2749996185,1.6660000086,-2.1630001068
726,1277,D,NA,NA,NA,NA,8.2620000839,1.6380000114,-2.1630001068
727,1164,D,NA,NA,NA,NA,4.0650000572,2.2920000553,-2.256000042
728,1172,D,NA,NA,NA,NA,4.8280000687,2.507999897,-2.3090000153
729,1179,D,NA,NA,NA,NA,4.013999939,2.2960000038,-2.3350000381
730,1158,D,NA,NA,NA,NA,5.2069997787,2.132999897,-2.2929999828
731,1165,D,NA,NA,NA,NA,5.2740001678,2.2599999905,-2.2620000839
732,1173,D,NA,NA,NA,NA,5.3319997787,2.2899999619,-2.2569999695
733,1185,D,NA,NA,NA,NA,5.2829999924,2.0339999199,-2.2820000648
734,1191,D,NA,NA,NA,NA,5.2459998131,2.0209999084,-2.3129999638
735,1197,D,NA,NA,NA,NA,5.2769999504,2.1870000362,-2.3239998817
736,1204,D,NA,NA,NA,NA,5.4340000153,2.3659999371,-2.3169999123
737,1220,D,NA,NA,NA,NA,5.6300001144,2.0399999619,-2.2939999104
738,1311,D,NA,NA,NA,NA,5.7449998856,1.9709999561,-2.3489999771
739,1322,D,NA,NA,NA,NA,5.8049998283,1.9069999456,-2.3090000153
740,1334,D,NA,NA,NA,NA,5.8070001602,1.9600000381,-2.3369998932
741,982,D,NA,NA,NA,NA,5.6989998817,1.9550000429,-2.3499999046
742,1280,D,NA,NA,NA,NA,8.2250003815,1.3710000515,-2.3039999008
743,1283,D,NA,NA,NA,NA,8.8319997787,1.3669999838,-2.3389999866
744,1186,D,NA,NA,NA,NA,4.7259998322,2.4990000725,-2.4240000248
745,1192,D,NA,NA,NA,NA,4.4710001945,2.5720000267,-2.3970000744
746,1198,D,NA,NA,NA,NA,4.4699997902,2.5020000935,-2.4089999199
747,1205,D,NA,NA,NA,NA,4.5679998398,2.2430000305,-2.4260001183
748,998,D,NA,NA,NA,NA,5.6739997864,1.8769999743,-2.3910000324
749,1285,D,NA,NA,NA,NA,8.6520004272,1.1920000315,-2.3800001144
750,1287,D,NA,NA,NA,NA,8.2589998245,1.5490000248,-2.3629999161
751,1221,D,NA,NA,NA,NA,4.8090000153,2.3880000114,-2.4470000267
752,1227,D,NA,NA,NA,NA,4.4759998322,2.3800001144,-2.4660000801
753,1232,D,NA,NA,NA,NA,4.4019999504,2.3090000153,-2.4820001125
754,1239,D,NA,NA,NA,NA,4.4600000381,2.236000061,-2.4779999256
755,1243,D,NA,NA,NA,NA,4.4749999046,2.4800000191,-2.5
756,1249,D,NA,NA,NA,NA,4.3979997635,2.5829999447,-2.507999897
757,1254,D,NA,NA,NA,NA,4.7290000916,2.2990000248,-2.4900000095
758,1260,D,NA,NA,NA,NA,4.7430000305,2.4270000458,-2.5250000954
