,layer,type,coords.x1,coords.x2,coords.x3
325,C,Lithic,7.9520001411,2.868999958,-1.0700000525
326,C,Bone,7.6770000458,2.8269999027,-1.1150000095
350,C,Bone,8.5816001892,2.4921000004,-0.866599977
351,C,Bone,8.5852003098,2.4114000797,-0.9986000061
352,C,Bone,8.6843004227,2.5151000023,-0.9761000276
353,C,Lithic,8.4839000702,2.4716000557,-1.0232000351
354,C,Bone,8.7533998489,2.3145999908,-1.0013999939
355,C,Tooth,8.8756999969,2.361000061,-1.0002000332
356,C,Bone,8.894900322,2.3452999592,-0.9987999797
357,C,Bone,8.910200119,2.2098999023,-1.0413999557
358,C,Bone,8.5657997131,2.4964001179,-1.0198999643
359,C,Bone,8.9326000214,2.2302000523,-1.3028000593
360,C,Bone,8.6660003662,2.5840001106,-1.1100000143
361,C,Bone,8.4879999161,2.6080000401,-1.128000021
362,C,Bone,4.3559999466,2.9960000515,-1.2380000353
365,C,Lithic,6.1199998856,2.7200000286,-1.2300000191
366,C,Bone,6.2199997902,2.2200000286,-1.2300000191
367,C,Bone,6.1399998665,2.5999999046,-1.2300000191
368,C,Tooth,6.2100000381,2.4400000572,-1.2200000286
369,C,Tooth,6.5500001907,2.3800001144,-1.2799999714
370,C,Bone,6.2300000191,2.6500000954,-1.2200000286
371,C,Bone,6.1999998093,2.3099999428,-1.2799999714
372,C,Bone,6,2.4000000954,-1.2799999714
373,C,Bone,6.1500000954,2.2999999523,-1.3200000525
374,C,Bone,6.0999999046,2.4800000191,-1.3099999428
375,C,Bone,6.0599999428,2.4500000477,-1.3400000334
381,C,Bone,7.25,2.4400000572,-1.2999999523
382,C,Bone,7.6909999847,2.7980000973,-1.1569999456
383,C,Bone,7.5460000038,2.8389999866,-1.1560000181
384,C,Bone,7.609000206,2.8800001144,-1.1619999409
385,C,Lithic,7.4889998436,2.7300000191,-1.1699999571
386,C,Bone,7.6820001602,2.868999958,-1.1829999685
387,C,Bone,7.8759999275,2.6760001183,-1.2489999533
388,C,Bone,7.5170001984,2.8299999237,-1.2170000076
389,C,Bone,7.5869998932,2.7929999828,-1.2389999628
390,C,Bone,7.2940001488,2.8380000591,-1.2419999838
391,C,Bone,7.4400000572,2.8740000725,-1.2350000143
395,C,Bone,8.410200119,2.3078000546,-1.2120000124
396,C,Tooth,8.6138000488,2.3041000366,-1.2388999462
397,C,Bone,8.0389995575,2.2960000038,-1.1540000439
398,C,Bone,8.0059995651,2.3020000458,-1.2059999704
399,C,Bone,8.6820001602,2.5989999771,-1.1699999571
400,C,Bone,8.595000267,2.5409998894,-1.1870000362
401,C,Bone,8.3640003204,2.5490000248,-1.2009999752
402,C,Bone,8.1470003128,2.7829999924,-1.2000000477
403,C,Bone,8.5620002747,2.6489999294,-1.2009999752
404,C,Bone,8.2919998169,2.7820000648,-1.1870000362
405,C,Bone,8.2290000916,2.6940000057,-1.2300000191
406,C,Tooth,8.2150001526,2.6510000229,-1.2280000448
413,C,Bone,4.368999958,2.9149999619,-1.3059999943
424,C,Lithic,5.4099998474,2.4800000191,-1.2799999714
425,C,Bone,5.8000001907,2.3199999332,-1.2699999809
426,C,Bone,5.5199999809,2.5199999809,-1.2699999809
427,C,Bone,5.0500001907,2.5799999237,-1.2799999714
428,C,Bone,5.3000001907,2.5299999714,-1.3400000334
429,C,Tooth,5.5100002289,2.5899999142,-1.2999999523
430,C,Tooth,5.7899999619,2.3099999428,-1.2400000095
431,C,Bone,5.9000000954,2.2699999809,-1.3300000429
432,C,Bone,5.9299998283,2.8900001049,-1.2599999905
433,C,Bone,5.0999999046,2.75,-1.2899999619
434,C,Bone,5.1599998474,2.7799999714,-1.3200000525
442,C,Bone,6.0700001717,2.25,-1.2699999809
443,C,Bone,6.4600000381,2.1099998951,-1.25
444,C,Lithic,6.5700001717,2.2400000095,-1.2999999523
445,C,Bone,6.5,2.2200000286,-1.3099999428
446,C,Bone,6.4200000763,2.1500000954,-1.2200000286
447,C,Bone,6.4000000954,2.2999999523,-1.2000000477
448,C,Bone,6.0199999809,2.4000000954,-1.25
449,C,Bone,6.3299999237,2.6199998856,-1.2999999523
450,C,Lithic,6.8880000114,2.625,-1.2979999781
454,C,Bone,7.1399998665,2.2300000191,-1.3700000048
455,C,Lithic,7.5599999428,2.1700000763,-1.2400000095
456,C,Bone,7.2199997902,2.4500000477,-1.3999999762
457,C,Bone,7.4400000572,2.3399999142,-1.3300000429
458,C,Bone,7.7010002136,2.6730000973,-1.3309999704
459,C,Bone,7.7329998016,2.7300000191,-1.3430000544
460,C,Lithic,7.6599998474,2.7829999924,-1.2740000486
461,C,Bone,7.5869998932,2.8320000172,-1.2970000505
462,C,Tooth,7.4699997902,2.8289999962,-1.2730000019
463,C,Lithic,7.4619998932,2.7780001163,-1.3090000153
464,C,Bone,7.5240001678,2.888999939,-1.32099998
476,C,Bone,8.36439991,2.2623999119,-1.2876000404
477,C,Bone,8.5883998871,2.0994999409,-1.3107000589
478,C,Bone,8.4219999313,2.1380000114,-1.3389999866
479,C,Bone,8.5900001526,2.118999958,-1.3589999676
480,C,Bone,8.8459997177,2.2130000591,-1.32099998
481,C,Bone,8.0439996719,2.2490000725,-1.2599999905
482,C,Bone,8.0810003281,2.2479999065,-1.2760000229
483,C,Bone,8.1850004196,2.7920000553,-1.2569999695
484,C,Bone,8.1899995804,2.7999999523,-1.2710000277
485,C,Bone,8.1260004044,2.6719999313,-1.2940000296
486,C,Bone,8.1879997253,2.6019999981,-1.2979999781
487,C,Bone,8.4709997177,2.4779999256,-1.2990000248
488,C,Bone,8.2019996643,2.5889999866,-1.3059999943
489,C,Bone,8.0360002518,2.6470000744,-1.2829999924
490,C,Bone,8.1330003738,2.6199998856,-1.3150000572
491,C,Bone,8.0170001984,2.5889999866,-1.3049999475
492,C,Bone,8.5520000458,2.5820000172,-1.3049999475
493,C,Tooth,8.156999588,2.5150001049,-1.3630000353
496,C,Bone,3.7269999981,3.0260000229,-1.3589999676
497,C,Bone,3.9800000191,3.0320000648,-1.3930000067
498,C,Bone,3.753000021,3.0230000019,-1.3680000305
499,C,Tooth,4.1919999123,3.003000021,-1.3630000353
506,C,Bone,3.5610001087,2.736000061,-1.3380000591
507,C,Bone,3.5429999828,2.7809998989,-1.3220000267
508,C,Bone,3.6319999695,2.7920000553,-1.3630000353
509,C,Bone,3.6349999905,2.6610000134,-1.4090000391
510,C,Bone,3.6419999599,2.881000042,-1.3470000029
511,C,Bone,3.625,2.8929998875,-1.3550000191
512,C,Bone,3.760999918,2.9470000267,-1.3350000381
513,C,Bone,3.503000021,2.9530000687,-1.378000021
514,C,Bone,3.5799999237,2.9230000973,-1.3339999914
515,C,Bone,3.5499999523,2.9379999638,-1.3600000143
516,C,Bone,3.5629999638,2.8350000381,-1.3980000019
517,C,Bone,3.8199999332,2.9990000725,-1.3609999418
518,C,Bone,3.5239999294,2.9769999981,-1.3899999857
519,C,Bone,3.4500000477,2.8380000591,-1.4140000343
520,C,Bone,3.5380001068,2.9649999142,-1.4140000343
521,C,Bone,3.6770000458,2.9539999962,-1.4069999456
522,C,Bone,3.8570001125,2.9149999619,-1.4040000439
551,C,Bone,5.7899999619,2.2999999523,-1.3400000334
552,C,Tooth,5.8000001907,2.4000000954,-1.3500000238
553,C,Bone,5.5500001907,2.4000000954,-1.3700000048
554,C,Bone,5.5799999237,2.3800001144,-1.3600000143
555,C,Bone,5.1399998665,2.75,-1.3799999952
556,C,Bone,5.0500001907,2.75,-1.3700000048
557,C,Bone,5.4019999504,2.7769999504,-1.324000001
558,C,Tooth,5.1459999084,2.5710000992,-1.4220000505
569,C,Tooth,6.0999999046,2.5699999332,-1.3400000334
570,C,Bone,6.5500001907,2.2799999714,-1.3500000238
571,C,Bone,6.8400001526,2.1099998951,-1.3400000334
572,C,Bone,6.2800002098,2.1600000858,-1.3600000143
573,C,Bone,6.8600001335,2.1300001144,-1.3799999952
574,C,Bone,6.0399999619,2.2300000191,-1.4199999571
575,C,Tooth,6.25,2.2000000477,-1.4400000572
576,C,Bone,6.3559999466,2.4739999771,-1.3559999466
577,C,Bone,6.3959999084,2.4509999752,-1.4069999456
578,C,Bone,6.7750000954,2.1150000095,-1.4160000086
579,C,Bone,6.9219999313,2.7799999714,-1.3400000334
580,C,Tooth,6.8994002342,2.6308999062,-1.4270000458
585,C,Bone,7.9099998474,2.2000000477,-1.3400000334
586,C,Bone,7.9299998283,2.2300000191,-1.3799999952
587,C,Tooth,7.4499998093,2.0499999523,-1.4600000381
588,C,Bone,7.1999998093,2.3699998856,-1.4900000095
589,C,Bone,7.5500001907,2.3800001144,-1.5299999714
590,C,Bone,7.3439998627,2.8280000687,-1.3430000544
591,C,Bone,7.868999958,2.5750000477,-1.3710000515
592,C,Lithic,7.757999897,2.6500000954,-2.3729999065
593,C,Bone,7.6209998131,2.8139998913,-1.4069999456
594,C,Bone,7.6129999161,2.8369998932,-1.3899999857
595,C,Bone,7.4539999962,2.743999958,-1.375
596,C,Bone,7.5560002327,2.8570001125,-1.3589999676
597,C,Bone,7.4369997978,2.7279999256,-1.4170000553
598,C,Lithic,7.8569998741,2.6099998951,-1.4099999666
599,C,Bone,7.861000061,2.5929999352,-1.4029999971
616,C,Bone,8.5233001709,2.0585999489,-1.4019999504
617,C,Bone,8.5900001526,2.118999958,-1.358700037
618,C,Bone,8.4090003967,2.2829999924,-1.3559999466
619,C,Bone,8.5095996857,2.2871999741,-1.3729000092
620,C,Bone,8.1969995499,2.2660000324,-1.3569999933
621,C,Bone,8.1780004501,2.6979999542,-1.3509999514
622,C,Lithic,8.0229997635,2.614000082,-1.3789999485
623,C,Bone,8.2130002975,2.5299999714,-1.3769999743
624,C,Tooth,8.1420001984,2.5940001011,-1.4060000181
625,C,Bone,8.1899995804,2.7279999256,-1.4179999828
626,C,Tooth,8.4270000458,2.5510001183,-1.4140000343
627,C,Bone,8.6829996109,2.4119999409,-1.3860000372
628,C,Bone,8.8149995804,2.3949999809,-1.3559999466
629,C,Lithic,8.0869998932,2.6700000763,-1.4479999542
634,C,Bone,3.8729999065,3.0299999714,-1.442999959
635,C,Bone,3.8480000496,3.0320000648,-1.4470000267
649,C,Lithic,3.7890000343,2.760999918,-1.4950000048
650,C,Lithic,3.7219998837,2.9100000858,-1.4889999628
651,C,Tooth,3.5950000286,2.9179999828,-1.4880000353
652,C,Bone,3.5820000172,2.8550000191,-1.5290000439
659,C,Bone,5.3119997978,2.7060000896,-1.4789999723
660,C,Bone,5.9127998352,2.5392000675,-1.4596999884
661,C,Bone,5.0430998802,2.7715001106,-1.5126999617
671,C,Bone,6.368999958,2.1549999714,-1.4559999704
672,C,Bone,6.5970001221,2.0280001163,-1.4750000238
673,C,Bone,6.4990000725,2.5720000267,-1.4609999657
674,C,Bone,6.6079998016,2.2260000706,-1.4739999771
675,C,Bone,6.4869999886,2.6500000954,-1.4930000305
676,C,Bone,6.6300001144,2.2460000515,-1.4789999723
677,C,Bone,6.0500001907,2.6010000706,-1.5010000467
678,C,Bone,6.609000206,2.0639998913,-1.5089999437
679,C,Bone,6.3819999695,2.1970000267,-1.503000021
680,C,Bone,6.4569997787,2.5250000954,-1.5290000439
681,C,Bone,6.5960001945,2.0380001068,-1.5210000277
682,C,Bone,6.6050000191,2.0539999008,-1.5199999809
683,C,Bone,6.108399868,2.5327000618,-1.5144000053
684,C,Bone,6.0637001991,2.6812999249,-1.5307999849
685,C,Bone,6.380300045,2.3131000996,-1.5171999931
686,C,Bone,6.8246998787,2.1445999146,-1.5132000446
687,C,Bone,6.4010000229,2.364000082,-1.5099999905
688,C,Bone,6.4984002113,2.6435000896,-1.5295000076
689,C,Bone,6.4917998314,2.6401000023,-1.5273000002
690,C,Tooth,6.5650000572,2.7320001125,-1.5190000534
691,C,Bone,6.7955999374,2.0966999531,-1.5334999561
692,C,Bone,6.4086999893,2.1579999924,-1.5453000069
693,C,Bone,6.0938000679,2.4298000336,-1.4991999865
694,C,Bone,6.3467998505,2.2953999043,-1.5281000137
695,C,Bone,6.5599999428,2.628000021,-1.5479999781
696,C,Bone,6.228000164,2.3870000839,-1.1399999857
697,C,Bone,5.0560002327,2.6270000935,-1.5559999943
698,C,Bone,6.4400000572,2.493999958,-1.6130000353
699,C,Lithic,6.7090001106,2.6519999504,-1.5789999962
700,C,Bone,6.5450000763,2.0710000992,-1.5839999914
701,C,Bone,6.4530000687,2.1830000877,-1.6200000048
702,C,Bone,6.5240001678,2.5950000286,-1.5829999447
703,C,Bone,6.5450000763,1.6460000277,-1.5859999657
704,C,Bone,6.1220002174,2.1050000191,-1.631000042
705,C,Bone,6.3520002365,2.2160000801,-1.6339999437
706,C,Bone,6.3369998932,2.121999979,-1.6339999437
707,C,Bone,6.8990001678,2.631000042,-1.4270000458
708,C,Bone,6.0580000877,2.1070001125,-1.631000042
709,C,Bone,6.0110001564,2.1400001049,-1.6469999552
710,C,Bone,6.6680002213,2.1070001125,-1.6619999409
711,C,Bone,6.8990001678,2.6410000324,-1.5349999666
712,C,Bone,6.6350002289,2.5190000534,-1.5800000429
713,C,Bone,6.6339998245,2.4809999466,-1.5900000334
718,C,Bone,7.8000001907,2.2000000477,-1.4700000286
719,C,Bone,7.8600001335,2.2899999619,-1.4900000095
720,C,Bone,7.2800002098,2.3800001144,-1.5499999523
721,C,Bone,7.1700000763,2.3699998856,-1.5499999523
722,C,Bone,7.290500164,2.3879001141,-1.524799943
723,C,Bone,7.6810002327,2.5230000019,-1.5310000181
724,C,Bone,7.5580000877,2.5769999027,-1.5010000467
725,C,Lithic,7.8140001297,2.5720000267,-1.5210000277
726,C,Bone,7.8140001297,2.6119999886,-1.5149999857
727,C,Lithic,7.7259998322,2.5639998913,-1.5479999781
728,C,Bone,7.7680001259,2.5669999123,-1.5399999619
747,C,Bone,8.5100002289,2.2869999409,-1.3730000257
748,C,Bone,8.5959997177,2.2990000248,-1.4529999495
749,C,Bone,8.3660001755,2.1429998875,-1.4889999628
750,C,Bone,8.3199996948,2.1319999695,-1.5089999437
751,C,Bone,8.3159999847,2.0569999218,-1.5080000162
752,C,Tooth,8.3439998627,2.6689999104,-1.4579999447
753,C,Bone,8.204000473,2.7520000935,-1.4689999819
754,C,Tooth,8.0830001831,2.5280001163,-1.4639999866
755,C,Bone,8.1009998322,2.5739998817,-1.4759999514
756,C,Bone,8.6169996262,2.6640000343,-1.4440000057
757,C,Bone,8.4469995499,2.6589999199,-1.4950000048
758,C,Tooth,8.4899997711,2.4739999771,-1.4830000401
759,C,Lithic,8.6730003357,2.4100000858,-1.4609999657
760,C,Bone,8.7010002136,2.4639999866,-1.4589999914
761,C,Bone,8.7229995728,2.4309999943,-1.4440000057
762,C,Bone,8.7539997101,2.4489998817,-1.4659999609
763,C,Bone,8.6210002899,2.503000021,-1.4869999886
764,C,Bone,8.5489997864,2.7079999447,-1.4859999418
765,C,Bone,8.6040000916,2.6940000057,-1.5019999743
766,C,Bone,8.5760002136,2.5959999561,-1.5069999695
788,C,Bone,3.8459999561,2.9119999409,-1.5119999647
789,C,Bone,3.8800001144,2.8480000496,-1.5460000038
790,C,Bone,3.9159998894,2.7939999104,-1.5260000229
791,C,Tooth,3.9360001087,2.8459999561,-1.5260000229
792,C,Bone,3.9130001068,2.9100000858,-1.5420000553
793,C,Bone,3.9530000687,2.8819999695,-1.5809999704
794,C,Bone,3.3499999046,2.9500000477,-1.5939999819
795,C,Tooth,3.3380000591,2.7920000553,-1.6119999886
796,C,Bone,3.6649999619,2.6510000229,-1.5559999943
797,C,Bone,3.6940000057,2.5710000992,-1.5609999895
798,C,Bone,3.9079999924,2.9579999447,-1.6180000305
799,C,Bone,3.7239999771,2.7769999504,-1.6180000305
800,C,Bone,3.9820001125,2.8550000191,-1.6469999552
801,C,Bone,3.4360001087,2.9110000134,-1.6109999418
802,C,Tooth,3.5529999733,2.9110000134,-1.5789999962
810,C,Bone,5.2115001678,2.4567000866,-1.5535999537
811,C,Lithic,5.2242999077,2.4251000881,-1.5513000488
812,C,Bone,5.1757001877,2.456799984,-1.5571000576
813,C,Bone,5.5604000092,2.3870000839,-1.5446000099
814,C,Bone,5.5441999435,2.3475999832,-1.5676000118
815,C,Bone,5.5022001266,2.3643000126,-1.5911999941
816,C,Bone,5.3330998421,2.3698000908,-1.6413999796
817,C,Bone,5.3685002327,2.3817000389,-1.6368000507
818,C,Bone,5.3585000038,2.4565999508,-1.6370999813
819,C,Bone,5.3585000038,2.4565999508,-1.6370999813
820,C,Bone,5.3772001266,2.4251999855,-1.6344000101
821,C,Bone,5.0025000572,2.7518000603,-1.6124000549
822,C,Bone,5.0521001816,2.5905001163,-1.6016999483
823,C,Bone,5.7316999435,2.2783999443,-1.6215000153
824,C,Tooth,5.665599823,2.2960999012,-1.6380000114
825,C,Tooth,5.1145000458,2.6157000065,-1.6109999418
826,C,Tooth,5.0552000999,2.6261000633,-1.6366000175
837,C,Bone,6.5668997765,2.1096999645,-1.5568000078
838,C,Bone,6.4446001053,2.0520999432,-1.5532000065
839,C,Bone,6.4960999489,2.035599947,-1.5499999523
840,C,Bone,6.440199852,2.4939000607,-1.6129000187
841,C,Bone,6.5448999405,2.070800066,-1.5843000412
842,C,Bone,6.4532999992,2.1826000214,-1.6200000048
843,C,Bone,6.5244002342,2.5950000286,-1.5829999447
844,C,Bone,6.5446000099,2.6454999447,-1.5863000154
845,C,Bone,6.12169981,2.1052000523,-1.6309000254
846,C,Bone,6.3516001701,2.2160999775,-1.6340999603
847,C,Bone,6.3369002342,2.1219000816,-1.6345000267
848,C,Bone,6.0581002235,2.1068000793,-1.6315000057
849,C,Bone,6.0107998848,2.1403000355,-1.6469999552
850,C,Bone,6.6676998138,2.1073000431,-1.6624000072
851,C,Bone,6.6350002289,2.5190000534,-1.5800000429
852,C,Bone,6.6339998245,2.4809999466,-1.5900000334
853,C,Bone,6.1999998093,2.4460000992,-1.5729999542
854,C,Bone,6.5040001869,2.5529999733,-1.6319999695
855,C,Bone,6.984000206,2.635999918,-1.6260000467
856,C,Bone,6.1519999504,2.4300000668,-1.6210000515
857,C,Bone,6.4660000801,2.5620000362,-1.6349999905
858,C,Bone,6.4650001526,2.5439999104,-1.6419999599
859,C,Bone,6.4289999008,2.6500000954,-1.6460000277
860,C,Bone,6.3090000153,2.4690001011,-1.6399999857
861,C,Bone,6.2270002365,2.3469998837,-1.6390000582
862,C,Tooth,6.2729997635,2.3399999142,-1.6339999437
870,C,Bone,7.6609997749,2.5469999313,-1.6119999886
871,C,Bone,7.7020001411,2.5299999714,-1.6080000401
872,C,Bone,7.8200001717,2.513999939,-1.5909999609
873,C,Lithic,7.881000042,2.4739999771,-1.6169999838
874,C,Bone,7.8070001602,2.6860001087,-1.55400002
875,C,Bone,7.896999836,2.6480000019,-1.5579999685
898,C,Bone,8.498000145,2.5280001163,-1.5989999771
899,C,Tooth,8.5830001831,2.5009999275,-1.6239999533
900,C,Bone,8.4090003967,2.2149999142,-1.5859999657
901,C,Bone,8.5839996338,2.1210000515,-1.5690000057
902,C,Tooth,8.498000145,2.2090001106,-1.6039999723
903,C,Bone,8.1129999161,2.1659998894,-1.574000001
904,C,Bone,8.0880002975,2.1779999733,-1.5779999495
905,C,Bone,8.1059999466,2.131000042,-1.6150000095
906,C,Bone,8.1190004349,2.1150000095,-1.6339999437
907,C,Bone,8.5570001602,2.1930000782,-1.6059999466
908,C,Bone,8.2080001831,2.4649999142,-1.5909999609
909,C,Bone,8.2760000229,2.6470000744,-1.5690000057
910,C,Bone,8.2589998245,2.6319999695,-1.5859999657
911,C,Bone,8.3400001526,2.4820001125,-1.5989999771
912,C,Tooth,6.5689997673,1.9750000238,-1.6069999933
917,C,Bone,8.4440002441,1.9279999733,-1.5850000381
918,C,Bone,8.3070001602,1.9400000572,-1.5939999819
919,C,Bone,8.267999649,1.9359999895,-1.5930000544
920,C,Bone,8.2239999771,1.9190000296,-1.6069999933
921,C,Bone,8.236000061,1.8999999762,-1.6239999533
922,C,Bone,8.1700000763,1.9309999943,-1.6369999647
923,C,Bone,8.4280004501,1.7929999828,-1.6230000257
937,C,Tooth,5.4422998428,2.2228000164,-1.6756999493
938,C,Bone,5.3067998886,2.2973999977,-1.7029999495
939,C,Bone,5.4958000183,2.3217999935,-1.6569000483
940,C,Bone,5.4883999825,2.4256999493,-1.6330000162
941,C,Bone,5.3376998901,2.568500042,-1.7015999556
942,C,Bone,5.4812002182,2.3596999645,-1.7244000435
943,C,Bone,5.0595998764,2.611000061,-1.6991000175
944,C,Bone,5.8329000473,2.2344999313,-1.6498999596
945,C,Bone,5.8428997993,2.2681000233,-1.6600999832
946,C,Bone,5.9134998322,2.0920000076,-1.6818000078
953,C,Bone,6.2820000648,2.378000021,-1.6180000305
954,C,Bone,6.2290000916,2.263999939,-1.67900002
955,C,Bone,6.3010001183,2.5940001011,-1.675999999
956,C,Bone,6.3229999542,2.6129999161,-1.6890000105
957,C,Bone,6.492000103,2.4670000076,-1.6519999504
958,C,Bone,6.609000206,2.618999958,-1.6579999924
959,C,Lithic,6.5809998512,2.5829999447,-1.6629999876
960,C,Tooth,6.5999999046,2.5959999561,-1.7009999752
961,C,Bone,6.1659998894,2.0750000477,-1.6909999847
962,C,Tooth,6.5349998474,2.2269999981,-1.7189999819
963,C,Bone,6.3819999695,2.1800000668,-1.7239999771
964,C,Bone,6.1929998398,2.4189999104,-1.7419999838
965,C,Bone,6.1880002022,2.0590000153,-1.7050000429
966,C,Bone,6.2259998322,2.010999918,-1.7359999418
967,C,Bone,6.5799999237,2.5780000687,-1.6519999504
968,C,Bone,6.1950001717,2.0510001183,-1.6900000572
969,C,Bone,6.3280000687,2.239000082,-1.6829999685
970,C,Bone,6.2230000496,2.3459999561,-1.6519999504
978,C,Tooth,7.6500000954,2.25,-1.7400000095
979,C,Bone,7.7388000488,2.2850999832,-1.7187000513
980,C,Bone,7.1452999115,2.484400034,-1.6857999563
981,C,Bone,7.1570000648,2.5297000408,-1.7163000107
982,C,Bone,7.4699997902,2.3083000183,-1.6480000019
983,C,Lithic,7.9470000267,2.1019999981,-1.6480000019
984,C,Tooth,7.9689998627,2.1949999332,-1.7089999914
985,C,Bone,7.771999836,2.5590000153,-1.6540000439
986,C,Bone,7.9180002213,2.6480000019,-1.682000041
987,C,Bone,7.6620001793,2.6300001144,-1.7180000544
988,C,Bone,7.978000164,2.7160000801,-1.6579999924
989,C,Bone,7.6820001602,2.6370000839,-1.699000001
990,C,Bone,7.6770000458,2.6760001183,-1.69599998
1000,C,Bone,8.4130001068,2.5250000954,-1.6529999971
1001,C,Tooth,8.3540000916,2.510999918,-1.6799999475
1002,C,Bone,8.4870004654,2.5269999504,-1.6720000505
1003,C,Tooth,8.5640001297,2.4820001125,-1.692999959
1004,C,Lithic,8.5719995499,2.5280001163,-1.6799999475
1005,C,Bone,8.5749998093,2.5360000134,-1.7009999752
1006,C,Bone,8.4779996872,2.367000103,-1.6469999552
1007,C,Bone,8.1780004501,2.0580000877,-1.6870000362
1012,C,Bone,8.3800001144,1.7250000238,-1.7280000448
1026,C,Bone,5.5009999275,2.2890000343,-1.7610000372
1027,C,Bone,5.0430002213,2.7709999084,-1.5130000114
1028,C,Bone,5.0520000458,2.5899999142,-1.6019999981
1029,C,Bone,5.7319998741,2.2780001163,-1.621999979
1030,C,Tooth,5.6659998894,2.2960000038,-1.6380000114
1031,C,Tooth,5.1149997711,2.6159999371,-1.6109999418
1032,C,Bone,5.0549998283,2.6259999275,-1.6369999647
1033,C,Bone,5.0599999428,2.611000061,-1.699000001
1034,C,Bone,5.8330001831,2.2339999676,-1.6499999762
1035,C,Bone,5.8429999352,2.263999939,-1.6599999666
1036,C,Bone,5.9130001068,2.0920000076,-1.682000041
1037,C,Bone,5.7179999352,2.2030000687,-1.7330000401
1038,C,Bone,5.2210001945,2.7279999256,-1.8339999914
1039,C,Bone,5.9580001831,2.0620000362,-1.8059999943
1040,C,Bone,5.6649999619,2.0390000343,-1.8769999743
1048,C,Bone,6.3260002136,2.0739998817,-1.7749999762
1049,C,Tooth,6.2950000763,2.3280000687,-1.7879999876
1050,C,Tooth,6.2940001488,2.3619999886,-1.8059999943
1051,C,Bone,6.3379998207,2.364000082,-1.8150000572
1052,C,Bone,6.234000206,2.2539999485,-1.8480000496
1053,C,Bone,6.2350001335,2.111000061,-1.8400000334
1054,C,Bone,6.228000164,2.135999918,-1.8400000334
1055,C,Bone,6.2179999352,2.1240000725,-1.8439999819
1056,C,Bone,6.2690000534,2.1600000858,-1.8320000172
1057,C,Bone,6.2789998055,2.1749999523,-1.8450000286
1058,C,Bone,6.2600002289,2.1510000229,-1.8480000496
1059,C,Bone,6.3400001526,2.0390000343,-1.8200000525
1060,C,Bone,6.3340001106,2.0759999752,-1.8350000381
1061,C,Lithic,6.5300002098,2.5409998894,-1.7480000257
1062,C,Bone,6.5069999695,2.0950000286,-1.8309999704
1063,C,Bone,6.2740001678,2.246999979,-1.8500000238
1064,C,Bone,6.4770002365,2.5369999409,-1.7280000448
1065,C,Bone,6.6399998665,2.5959999561,-1.7940000296
1074,C,Bone,8.2620000839,2.0499999523,-1.7580000162
1078,C,Bone,6.5100002289,1.8919999599,-1.7710000277
1079,C,Bone,6.632999897,1.9110000134,-1.7250000238
1081,C,Bone,8.5900001526,1.7009999752,-1.7569999695
1082,C,Bone,8.4879999161,1.6160000563,-1.756000042
1083,C,Tooth,8.5059995651,1.6449999809,-1.7669999599
1084,C,Tooth,8.4560003281,1.6499999762,-1.7619999647
1085,C,Bone,8.3599996567,1.6150000095,-1.8420000076
1086,C,Bone,8.3990001678,1.5759999752,-1.8400000334
1095,C,Bone,5.6649999619,2.0392000675,-1.8766000271
1096,C,Bone,5.2740001678,2.5510001183,-1.9060000181
1097,C,Bone,5.8509998322,2.138999939,-1.8669999838
1098,C,Bone,5.8340001106,2.1619999409,-1.8609999418
1099,C,Bone,5.7389998436,2.0269999504,-1.9010000229
1100,C,Bone,5.140999794,2.246999979,-1.9099999666
1101,C,Bone,5.8839998245,2.1489999294,-1.8960000277
1102,C,Bone,5.1750001907,2.2679998875,-1.9349999428
1103,C,Bone,5.2410001755,2.1989998817,-1.9409999847
1104,C,Bone,5.2729997635,2.3320000172,-1.9340000153
1105,C,Lithic,5.1220002174,2.5380001068,-1.92900002
1106,C,Bone,5.7490000725,2.1919999123,-1.9140000343
1107,C,Bone,5.734000206,2.003000021,-1.8999999762
1108,C,Bone,5.6009998322,2.2520000935,-1.9179999828
1111,C,Bone,6.4499998093,2.1619999409,-1.8489999771
1112,C,Bone,6.3400001526,2.242000103,-1.8559999466
1113,C,Bone,6.3260002136,2.3489999771,-1.8559999466
1114,C,Lithic,6.4200000763,2.1519999504,-1.8669999838
1116,C,Bone,7.618999958,2.4270000458,-1.8919999599
1117,C,Bone,7.4409999847,2.5199999809,-1.8869999647
1120,C,Bone,8.5740003586,2.367000103,-1.9299999475
1121,C,Bone,8.4750003815,2.739000082,-1.8890000582
1124,C,Bone,8.3879995346,1.5490000248,-1.8990000486
1125,C,Bone,8.3509998322,1.5659999847,-1.8550000191
1126,C,Bone,8.3920001984,1.5980000496,-1.8650000095
1127,C,Bone,8.373000145,1.557000041,-1.9359999895
1128,C,Bone,7.4159998894,2.5360000134,-1.9630000591
1129,C,Bone,7.5590000153,2.5669999123,-1.949000001
1130,C,Bone,7.521999836,2.5529999733,-2.007999897
1131,C,Bone,7.9250001907,2.4979999065,-1.996999979
1132,C,Bone,7.9429998398,2.4119999409,-2.003000021
1138,C,Tooth,8.4329996109,2.5360000134,-2.0090000629
1139,C,Bone,8.593000412,2.1579999924,-2.0050001144
1140,C,Lithic,8.6450004578,2.3880000114,-2.003000021
1141,C,Bone,8.7229995728,2.2320001125,-1.9609999657
1146,C,Bone,7.9349999428,2.5999999046,-2.0650000572
1147,C,Tooth,7.9759998322,2.5799999237,-2.0759999752
1148,C,Bone,7.9609999657,2.4800000191,-2.0769999027
1149,C,Bone,7.9559998512,2.4400000572,-2.0629999638
1150,C,Bone,7.8779997826,2.3599998951,-2.1180000305
1151,C,Bone,7.7230000496,2.3120000362,-2.0950000286
1152,C,Bone,7.8509998322,2.3080000877,-2.1380000114
1160,C,Bone,8.4809999466,2.0590000153,-2.0980000496
1161,C,Bone,8.6529998779,2.253000021,-2.0590000153
1162,C,Bone,8.6660003662,2.4900000095,-2.0690000057
1163,C,Bone,8.5469999313,2.2269999981,-2.0759999752
1164,C,Lithic,8.3999996185,2.2369999886,-2.0980000496
1165,C,Tooth,8.6140003204,2.2960000038,-2.0690000057
1166,C,Bone,8.6520004272,2.2330000401,-2.0799999237
1167,C,Bone,8.595000267,2.114000082,-2.0789999962
1168,C,Bone,8.5069999695,2.0090000629,-2.1029999256
1175,C,Tooth,7.5999999046,2.2750000954,-2.2230000496
1176,C,Bone,7.632999897,2.3329999447,-2.236000061
1177,C,Bone,7.6729998589,2.5380001068,-2.2000000477
1178,C,Bone,7.6710000038,2.388999939,-2.2269999981
1179,C,Bone,7.7699999809,2.3180000782,-2.1870000362
1180,C,Bone,7.7820000648,2.3039999008,-2.1530001163
1181,C,Tooth,7.7740001678,2.2990000248,-2.1589999199
1182,C,Bone,7.8410000801,2.3940000534,-2.2269999981
1183,C,Bone,8.5579996109,2.2430000305,-2.1989998817
1184,C,Bone,7.623000145,2.2760000229,-2.2509999275
1185,C,Bone,7.9320001602,2.8710000515,-0.9840000272
1190,C,Tooth,8.140999794,2.8190000057,-0.9480000138
1191,C,Bone,8.6020002365,2.5610001087,-0.9879999757
1192,C,Lithic,8.501999855,2.6979999542,-0.9629999995
1193,C,Bone,8.6040000916,2.6480000019,-0.9900000095
1194,C,Lithic,8.6579999924,2.5639998913,-1.0049999952
1195,C,Lithic,8.6199998856,2.6159999371,-1.0149999857
1211,C,Bone,8.5970001221,2.6530001163,-0.8590000272
1212,C,Lithic,8.6120004654,2.4930000305,-0.9399999976
1225,C,Bone,8.7449998856,2.5820000172,-0.8149999976
1226,C,Tooth,8.4390001297,2.6849999428,-0.8360000253
1227,C,Bone,8.3400001526,2.7149999142,-0.8220000267
1228,C,Bone,8.3760004044,2.7290000916,-0.8470000029
1229,C,Bone,8.0850000381,2.8039999008,-0.7960000038
1231,C,Lithic,8.1319999695,2.8169999123,-0.7419999838
3024,C,Micro,5.5,2.5,-1.2899999619
3025,C,Micro,5.5,2.5,-1.2899999619
3026,C,Micro,6.5,2.5,-1.2899999619
3027,C,Micro,6.5,2.5,-1.2899999619
3028,C,Micro,8.5,2.5,-1.2899999619
3029,C,Micro,5.5,2.5,-1.3899999857
3030,C,Micro,5.5,2.5,-1.3899999857
3031,C,Micro,5.5,2.5,-1.4900000095
3032,C,Micro,4.5152072193,2.8696524064,-1.5900000334
3033,C,Micro,5.5,2.5,-1.5900000334
3034,C,Micro,6.5,2.5,-1.5900000334
3035,C,Micro,8.4625668449,1.6965240642,-1.6900000572
3036,C,Micro,6.5,2.5,-1.7899999619
3037,C,Micro,6.5,2.5,-1.7899999619
