"","layer","type","coords.x1","coords.x2","coords.x3","optional"
"1198","D","Bone",3.77099990844727,1.81500005722046,-2.68799996376038,TRUE
"1202","D","Bone",3.79800009727478,1.86600005626678,-2.75099992752075,TRUE
"1203","D","Bone",3.57399988174438,1.88499999046326,-2.79299998283386,TRUE
"1204","D","Bone",3.57299995422363,1.88199996948242,-2.83500003814697,TRUE
"1205","D","Bone",3.99900007247925,1.92499995231628,-2.87700009346008,TRUE
"1206","D","Bone",3.6800000667572,1.89600002765656,-2.8840000629425,TRUE
"1207","D","Bone",3.90799999237061,1.86600005626678,-2.90300011634827,TRUE
"1214","D","Bone",4.18599987030029,1.85599994659424,-2.66100001335144,TRUE
"1215","D","Tooth",4.21400022506714,1.89900004863739,-2.70900011062622,TRUE
"1216","D","Bone",4.23099994659424,1.92799997329712,-2.68799996376038,TRUE
"1219","D","Bone",4.21700000762939,1.94099998474121,-2.75999999046326,TRUE
"1220","D","Bone",4.07399988174438,1.91600000858307,-2.81500005722046,TRUE
"1221","D","Bone",4.08599996566772,1.9190000295639,-2.90100002288818,TRUE
"1222","D","Bone",4.15399980545044,1.91600000858307,-2.89100003242493,TRUE
"1223","D","Bone",4.2189998626709,1.90699994564056,-2.86800003051758,TRUE
"1233","D","Bone",6.375,1.47399997711182,-2.61899995803833,TRUE
"1236","D","Bone",7.1100001335144,1.84399998188019,-2.3050000667572,TRUE
"1237","D","Bone",7.22200012207031,1.83899998664856,-2.30999994277954,TRUE
"1238","D","Bone",7.24200010299683,1.98399996757507,-2.34500002861023,TRUE
"1239","D","Bone",7.09999990463257,1.93299996852875,-2.32399988174438,TRUE
"1240","D","Bone",7.55499982833862,1.62199997901917,-2.30200004577637,TRUE
"1241","D","Lithic",4.03299999237061,2.9539999961853,-1.51400005817413,TRUE
"1243","D","Bone",3.60199999809265,2.89000010490417,-1.62899994850159,TRUE
"1244","D","Bone",3.53500008583069,2.92000007629395,-1.66199994087219,TRUE
"1245","D","Bone",3.56399989128113,2.95900011062622,-1.64199995994568,TRUE
"1246","D","Bone",3.58599996566772,2.91199994087219,-1.63399994373322,TRUE
"1247","D","Bone",3.72499990463257,2.76099991798401,-1.63699996471405,TRUE
"1258","D","Bone",3.36100006103516,2.75500011444092,-1.72399997711182,TRUE
"1259","D","Bone",3.41799998283386,2.75699996948242,-1.70799994468689,TRUE
"1260","D","Bone",3.41000008583069,2.75699996948242,-1.72200000286102,TRUE
"1267","D","Bone",4.36600017547607,2.76200008392334,-1.70000004768372,TRUE
"1268","D","Bone",4.13899993896484,2.55599999427795,-1.68099999427795,TRUE
"1269","D","Bone",4.15000009536743,2.58100008964539,-1.69000005722046,TRUE
"1270","D","Bone",4.10799980163574,2.54099988937378,-1.73000001907349,TRUE
"1271","D","Bone",4.13100004196167,2.63899993896484,-1.67900002002716,TRUE
"1272","D","Bone",4.09100008010864,2.55100011825562,-1.72500002384186,TRUE
"1273","D","Bone",4.14099979400635,2.52099990844727,-1.71399998664856,TRUE
"1274","D","Bone",6.875,2.43099999427795,-2.74799990653992,TRUE
"1287","D","Bone",3.14599990844727,2.73699998855591,-1.78199994564056,TRUE
"1288","D","Bone",3.39800000190735,2.78800010681152,-1.76400005817413,TRUE
"1289","D","Bone",3.58999991416931,2.84500002861023,-1.81599998474121,TRUE
"1290","D","Bone",3.75099992752075,2.93499994277954,-1.81900000572205,TRUE
"1291","D","Bone",3.82200002670288,2.76099991798401,-1.77499997615814,TRUE
"1292","D","Bone",3.55999994277954,2.94899988174438,-1.84500002861023,TRUE
"1293","D","Bone",3.99000000953674,2.90700006484985,-1.78100001811981,TRUE
"1294","D","Bone",3.64400005340576,2.91199994087219,-1.77600002288818,TRUE
"1295","D","Bone",3.60199999809265,2.93499994277954,-1.7960000038147,TRUE
"1296","D","Bone",3.42600011825562,2.94600009918213,-1.78900003433228,TRUE
"1299","D","Bone",4.03599977493286,2.89199995994568,-1.82599997520447,TRUE
"1302","D","Bone",6.31699991226196,2.59299993515015,-1.81599998474121,TRUE
"1303","D","Bone",6.32499980926514,2.10500001907349,-1.82200002670288,TRUE
"1304","D","Bone",6.91400003433228,2.3840000629425,-1.80799996852875,TRUE
"1305","D","Bone",6.91499996185303,2.49000000953674,-1.80299997329712,TRUE
"1306","D","Bone",6.94500017166138,2.10400009155273,-1.74199998378754,TRUE
"1307","D","Bone",6.23000001907349,2.09800004959106,-1.85199999809265,TRUE
"1322","D","Tooth",7.3730001449585,2.13299989700317,-1.7940000295639,TRUE
"1323","D","Bone",7.72399997711182,2.34500002861023,-1.75300002098083,TRUE
"1324","D","Bone",7.46600008010864,2.29800009727478,-1.81900000572205,TRUE
"1325","D","Tooth",7.04199981689453,2.04299998283386,-1.81700003147125,TRUE
"1326","D","Bone",7.53599977493286,2.3199999332428,-1.82299995422363,TRUE
"1327","D","Bone",7.64300012588501,2.1949999332428,-1.8309999704361,TRUE
"1328","D","Bone",7.66200017929077,2.20199990272522,-1.84099996089935,TRUE
"1329","D","Bone",7.3289999961853,2.49399995803833,-1.75899994373322,TRUE
"1330","D","Bone",7.63800001144409,2.22199988365173,-1.84899997711182,TRUE
"1331","D","Bone",7.67199993133545,2.23099994659424,-1.84800004959106,TRUE
"1332","D","Bone",7.20699977874756,2.65000009536743,-1.78400003910065,TRUE
"1333","D","Bone",7.37099981307983,2.33400011062622,-1.82599997520447,TRUE
"1334","D","Bone",7.00799989700317,2.01500010490417,-1.85899996757507,TRUE
"1337","D","Lithic",6.89799976348877,1.9190000295639,-1.85500001907349,TRUE
"1342","D","Bone",8.53299999237061,1.78999996185303,-1.77699995040894,TRUE
"1343","D","Bone",8.56599998474121,1.682000041008,-1.81900000572205,TRUE
"1344","D","Bone",8.46300029754639,1.75600004196167,-1.79100000858307,TRUE
"1345","D","Bone",8.59200000762939,1.60099995136261,-1.85500001907349,TRUE
"1346","D","Tooth",8.41600036621094,1.91600000858307,-1.80599999427795,TRUE
"1347","D","Bone",8.47900009155273,1.87300002574921,-1.7940000295639,TRUE
"1348","D","Bone",8.44400024414062,1.92799997329712,-1.81500005722046,TRUE
"1361","D","Bone",3.83699989318848,2.74600005149841,-1.86800003051758,TRUE
"1362","D","Bone",3.33800005912781,2.82100009918213,-1.92400002479553,TRUE
"1363","D","Bone",7.05600023269653,2.30599999427795,-2.25600004196167,TRUE
"1364","D","Bone",7.05600023269653,2.30599999427795,-2.25600004196167,TRUE
"1365","D","Bone",7.05600023269653,2.30599999427795,-2.25600004196167,TRUE
"1366","D","Bone",7.05600023269653,2.30599999427795,-2.25600004196167,TRUE
"1367","D","Bone",3.56299996376038,2.73799991607666,-1.93400001525879,TRUE
"1368","D","Bone",3.6029999256134,2.9210000038147,-1.94500005245209,TRUE
"1369","D","Bone",3.46799993515015,2.82399988174438,-1.93499994277954,TRUE
"1372","D","Bone",4.52199983596802,2.51500010490417,-1.8860000371933,TRUE
"1386","D","Tooth",6.26800012588501,2.16700005531311,-1.87300002574921,TRUE
"1387","D","Bone",6.25500011444092,2.37800002098083,-1.86500000953674,TRUE
"1388","D","Bone",6.52699995040894,2.15400004386902,-1.88800001144409,TRUE
"1389","D","Tooth",6.6100001335144,2.09500002861023,-1.88699996471405,TRUE
"1390","D","Bone",6.23099994659424,2.36899995803833,-1.85699999332428,TRUE
"1391","D","Bone",6.21799993515015,2.05299997329712,-1.82400000095367,TRUE
"1392","D","Bone",6.43300008773804,2.01399993896484,-1.88900005817413,TRUE
"1393","D","Tooth",6.35799980163574,2.36899995803833,-1.88999998569489,TRUE
"1394","D","Bone",6.92700004577637,2.55699992179871,-1.89400005340576,TRUE
"1395","D","Lithic",6.81599998474121,2.39199995994568,-1.89600002765656,TRUE
"1396","D","Bone",6.94500017166138,2.2409999370575,-1.89699995517731,TRUE
"1397","D","Bone",6.90899991989136,2.53900003433228,-1.875,TRUE
"1398","D","Bone",6.96999979019165,2.38000011444092,-1.90799999237061,TRUE
"1399","D","Bone",6.96199989318848,2.39199995994568,-1.90699994564056,TRUE
"1400","D","Bone",6.97800016403198,2.38599991798401,-1.89999997615814,TRUE
"1401","D","Bone",6.50899982452393,2.58899998664856,-1.86899995803833,TRUE
"1402","D","Bone",6.96500015258789,2.43899989128113,-1.90699994564056,TRUE
"1403","D","Tooth",6.9850001335144,2.31500005722046,-1.91299998760223,TRUE
"1404","D","Bone",6.84700012207031,2.33100008964539,-1.91700005531311,TRUE
"1405","D","Lithic",6.9060001373291,2.29399991035461,-1.93400001525879,TRUE
"1406","D","Bone",6.50899982452393,2.19600009918213,-1.90600001811981,TRUE
"1407","D","Bone",6.22399997711182,2.10599994659424,-1.87899994850159,TRUE
"1408","D","Bone",6.23899984359741,2.04699993133545,-1.90199995040894,TRUE
"1409","D","Tooth",6.10900020599365,2.12899994850159,-1.86899995803833,TRUE
"1410","D","Bone",6.31199979782104,2.09400010108948,-1.91799998283386,TRUE
"1411","D","Bone",6.24300003051758,2.01399993896484,-1.92599999904633,TRUE
"1412","D","Bone",6.16300010681152,2.3510000705719,-1.88300001621246,TRUE
"1413","D","Bone",6.55100011825562,2.56100010871887,-1.90699994564056,TRUE
"1414","D","Lithic",6.1710000038147,2.12299990653992,-1.9190000295639,TRUE
"1415","D","Bone",6.25500011444092,2.12299990653992,-1.92200005054474,TRUE
"1416","D","Bone",6.22599983215332,2.21600008010864,-1.93299996852875,TRUE
"1417","D","Lithic",6.44700002670288,2.22099995613098,-1.96000003814697,TRUE
"1418","D","Tooth",6.87400007247925,2.03699994087219,-1.87100005149841,TRUE
"1419","D","Tooth",6.84600019454956,2.08200001716614,-1.94900000095367,TRUE
"1420","D","Tooth",6.02500009536743,2.08400011062622,-1.90699994564056,TRUE
"1421","D","Bone",6.07100009918213,2.21199989318848,-1.91400003433228,TRUE
"1422","D","Bone",6.90500020980835,2.02300000190735,-1.90600001811981,TRUE
"1423","D","Bone",6.93800020217896,2.04800009727478,-1.90900003910065,TRUE
"1439","D","Bone",7.22300004959106,2.04099988937378,-1.87600004673004,TRUE
"1440","D","Bone",7.34100008010864,2.1010000705719,-1.93099999427795,TRUE
"1441","D","Tooth",7.05600023269653,2.45199990272522,-1.9210000038147,TRUE
"1442","D","Bone",7.13500022888184,2.32100009918213,-1.89699995517731,TRUE
"1443","D","Bone",7.09100008010864,2.53299999237061,-1.89199995994568,TRUE
"1444","D","Bone",7.11399984359741,2.28600001335144,-1.92299997806549,TRUE
"1445","D","Bone",7.27699995040894,2.46000003814697,-1.9210000038147,TRUE
"1446","D","Bone",7.16599988937378,1.92599999904633,-1.92400002479553,TRUE
"1447","D","Bone",7.19500017166138,1.93700003623962,-1.92400002479553,TRUE
"1448","D","Bone",7.22800016403198,1.96700000762939,-1.91400003433228,TRUE
"1449","D","Bone",7.17700004577637,1.95500004291534,-1.92900002002716,TRUE
"1450","D","Bone",7.19299983978271,1.98099994659424,-1.93299996852875,TRUE
"1451","D","Bone",7.15700006484985,1.99100005626678,-1.95299994945526,TRUE
"1452","D","Bone",7.0460000038147,1.92499995231628,-1.89199995994568,TRUE
"1457","D","Bone",8.54500007629395,1.62399995326996,-1.875,TRUE
"1458","D","Bone",8.42599964141846,1.88699996471405,-1.85800004005432,TRUE
"1459","D","Bone",8.55700016021729,1.55999994277954,-1.94200003147125,TRUE
"1460","D","Bone",8.4689998626709,1.932000041008,-1.84599995613098,TRUE
"1461","D","Bone",8.60400009155273,1.55599999427795,-1.9539999961853,TRUE
"1474","D","Bone",3.39800000190735,2.81399989128113,-1.96099996566772,TRUE
"1475","D","Bone",3.5239999294281,2.73000001907349,-1.95500004291534,TRUE
"1476","D","Bone",3.83500003814697,2.84599995613098,-1.95000004768372,TRUE
"1477","D","Bone",3.85999989509583,2.78800010681152,-1.94799995422363,TRUE
"1478","D","Bone",3.79299998283386,2.75600004196167,-1.94700002670288,TRUE
"1479","D","Bone",3.88499999046326,2.69799995422363,-1.95200002193451,TRUE
"1480","D","Bone",3.87100005149841,2.66199994087219,-1.95899999141693,TRUE
"1481","D","Bone",3.84299993515015,2.73200011253357,-1.96700000762939,TRUE
"1482","D","Bone",3.83299994468689,2.78099989891052,-1.95700001716614,TRUE
"1488","D","Bone",4.60099983215332,2.40799999237061,-1.942999958992,TRUE
"1489","D","Bone",4.55700016021729,2.55200004577637,-1.99199998378754,TRUE
"1490","D","Bone",4.47900009155273,2.40599989891052,-2.00799989700317,TRUE
"1491","D","Bone",4.60699987411499,2.30800008773804,-2.00799989700317,TRUE
"1492","D","Bone",4.05600023269653,2.59400010108948,-1.99399995803833,TRUE
"1493","D","Bone",4.47399997711182,2.49699997901917,-2.04999995231628,TRUE
"1502","D","Bone",5.19500017166138,2.21099996566772,-1.98199999332428,TRUE
"1503","D","Bone",5.19500017166138,2.60800004005432,-1.94700002670288,TRUE
"1504","D","Bone",5.19500017166138,2.2960000038147,-1.94799995422363,TRUE
"1505","D","Bone",5.19500017166138,2.20799994468689,-1.97399997711182,TRUE
"1506","D","Bone",5.19500017166138,2.33200001716614,-1.97200000286102,TRUE
"1507","D","Bone",5.19500017166138,2.32699990272522,-1.99699997901917,TRUE
"1508","D","Bone",5.19500017166138,2.15400004386902,-2.00500011444092,TRUE
"1509","D","Bone",5.19500017166138,2.36400008201599,-2.00799989700317,TRUE
"1510","D","Bone",5.19500017166138,2.09400010108948,-1.95799994468689,TRUE
"1511","D","Bone",5.19500017166138,2.18700003623962,-1.95000004768372,TRUE
"1512","D","Bone",5.19500017166138,2.18600010871887,-1.95500004291534,TRUE
"1513","D","Bone",5.19500017166138,2.19199991226196,-2.02600002288818,TRUE
"1514","D","Bone",5.19500017166138,2.2279999256134,-2.04900002479553,TRUE
"1515","D","Bone",5.19500017166138,2.08200001716614,-2.03900003433228,TRUE
"1516","D","Bone",5.19500017166138,2.16199994087219,-2.04500007629395,TRUE
"1517","D","Bone",5.19500017166138,2.26099991798401,-2.01999998092651,TRUE
"1518","D","Bone",5.19500017166138,2.12199997901917,-2.01300001144409,TRUE
"1519","D","Bone",5.19500017166138,2.04500007629395,-2.04299998283386,TRUE
"1520","D","Bone",5.19500017166138,2.07399988174438,-1.9889999628067,TRUE
"1521","D","Bone",5.19500017166138,2.02800011634827,-2.01999998092651,TRUE
"1522","D","Bone",5.19500017166138,2.03600001335144,-1.95799994468689,TRUE
"1523","D","Bone",5.96400022506714,2.32500004768372,-1.95000004768372,TRUE
"1524","D","Bone",5.92199993133545,2.21499991416931,-2.04999995231628,TRUE
"1525","D","Bone",5.95499992370605,2.30999994277954,-2.03999996185303,TRUE
"1540","D","Bone",6.98999977111816,2.1800000667572,-2.02600002288818,TRUE
"1541","D","Bone",6.5019998550415,2.13599991798401,-1.96399998664856,TRUE
"1542","D","Bone",6.30999994277954,2.03999996185303,-1.97200000286102,TRUE
"1543","D","Bone",6.32399988174438,2.16899991035461,-1.98000001907349,TRUE
"1544","D","Lithic",6.33599996566772,2.53999996185303,-1.94700002670288,TRUE
"1545","D","Bone",6.35799980163574,2.47199988365173,-2,TRUE
"1546","D","Tooth",6.08099985122681,2.12700009346008,-1.98800003528595,TRUE
"1547","D","Bone",6.59800004959106,2.17199993133545,-2.02600002288818,TRUE
"1548","D","Tooth",6.32999992370605,2.25399994850159,-2.04099988937378,TRUE
"1549","D","Tooth",6.90999984741211,2.08500003814697,-1.99699997901917,TRUE
"1564","D","Bone",7.38700008392334,2.1489999294281,-1.96099996566772,TRUE
"1565","D","Bone",7.10599994659424,2.03800010681152,-1.97300004959106,TRUE
"1566","D","Bone",7.41900014877319,2.22399997711182,-2.0239999294281,TRUE
"1567","D","Bone",7.47399997711182,2.19400000572205,-2.05399990081787,TRUE
"1573","D","Lithic",6.01569986343384,1.89160001277924,-1.95949995517731,TRUE
"1574","D","Bone",6.59499979019165,1.75499999523163,-1.95200002193451,TRUE
"1575","D","Bone",6.57399988174438,1.875,-1.97599995136261,TRUE
"1576","D","Bone",6.51100015640259,1.90499997138977,-1.98099994659424,TRUE
"1577","D","Bone",6.47599983215332,1.94400000572205,-1.96899998188019,TRUE
"1578","D","Bone",6.45300006866455,1.9210000038147,-1.97000002861023,TRUE
"1579","D","Bone",6.44299983978271,1.86000001430511,-1.9889999628067,TRUE
"1580","D","Bone",6.51200008392334,1.87399995326996,-1.98800003528595,TRUE
"1581","D","Bone",6.75400018692017,1.83299994468689,-2.04900002479553,TRUE
"1582","D","Bone",6.50799989700317,1.932000041008,-1.99899995326996,TRUE
"1583","D","Bone",6.44500017166138,1.9099999666214,-2.02900004386902,TRUE
"1585","D","Bone",7.02699995040894,1.82400000095367,-2.04900002479553,TRUE
"1586","D","Bone",7.00099992752075,1.99100005626678,-1.94599997997284,TRUE
"1593","D","Lithic",8.51099967956543,1.4210000038147,-2.01200008392334,TRUE
"1594","D","Bone",8.51200008392334,1.36699998378754,-2.00200009346008,TRUE
"1595","D","Bone",8.59899997711182,1.61300003528595,-1.96659994125366,TRUE
"1596","D","Bone",8.50500011444092,1.52600002288818,-2.00099992752075,TRUE
"1597","D","Bone",8.42599964141846,1.35899996757507,-2.02999997138977,TRUE
"1598","D","Bone",8.28999996185303,1.42799997329712,-2.02099990844727,TRUE
"1599","D","Bone",8.34099960327148,1.47099995613098,-2.02300000190735,TRUE
"1600","D","Bone",8.18299961090088,1.44700002670288,-2.02900004386902,TRUE
"1601","D","Bone",8.53999996185303,1.48399996757507,-2.02800011634827,TRUE
"1602","D","Tooth",8.19400024414062,1.42700004577637,-2.05399990081787,TRUE
"1603","D","Tooth",8.25100040435791,1.52699995040894,-2.04299998283386,TRUE
"1604","D","Bone",8.33899974822998,1.42599999904633,-2.03600001335144,TRUE
"1605","D","Bone",8.32499980926514,1.52799999713898,-2.01900005340576,TRUE
"1606","D","Tooth",8.64700031280518,1.66100001335144,-2.00099992752075,TRUE
"1607","D","Bone",8.5,1.88199996948242,-1.9539999961853,TRUE
"1623","D","Bone",3.54500007629395,2.66499996185303,-2.06100010871887,TRUE
"1624","D","Bone",3.82399988174438,2.66400003433228,-2.10199999809265,TRUE
"1625","D","Bone",3.41300010681152,2.69199991226196,-2.10599994659424,TRUE
"1626","D","Bone",3.49300003051758,2.77800011634827,-2.13800001144409,TRUE
"1627","D","Bone",3.33200001716614,2.4539999961853,-2.15300011634827,TRUE
"1628","D","Bone",3.15400004386902,2.57999992370605,-2.1489999294281,TRUE
"1634","D","Bone",4.05900001525879,2.59299993515015,-2.10800004005432,TRUE
"1635","D","Bone",4.10799980163574,2.57399988174438,-2.11299991607666,TRUE
"1649","D","Bone",5.08500003814697,2.39000010490417,-2.06800007820129,TRUE
"1650","D","Bone",5.66800022125244,2.04299998283386,-2.0789999961853,TRUE
"1651","D","Bone",5.34000015258789,2.16400003433228,-2.11899995803833,TRUE
"1652","D","Tooth",5.39699983596802,2.40100002288818,-2.12800002098083,TRUE
"1653","D","Lithic",5.81899976730347,2.09599995613098,-2.07299995422363,TRUE
"1654","D","Bone",5.96500015258789,2.17499995231628,-2.07200002670288,TRUE
"1655","D","Bone",5.97800016403198,2.11800003051758,-2.06200003623962,TRUE
"1656","D","Bone",5.93100023269653,2.17400002479553,-2.10500001907349,TRUE
"1657","D","Bone",5.98299980163574,2.11999988555908,-2.14800000190735,TRUE
"1658","D","Bone",5.9520001411438,2.20199990272522,-2.14800000190735,TRUE
"1659","D","Bone",5.42500019073486,2.55100011825562,-2.04999995231628,TRUE
"1660","D","Bone",5.38600015640259,2.58100008964539,-2.12299990653992,TRUE
"1661","D","Bone",5.57299995422363,2.49600005149841,-2.12199997901917,TRUE
"1662","D","Bone",5.49200010299683,2.5550000667572,-2.14100003242493,TRUE
"1663","D","Bone",5.41400003433228,2.6340000629425,-2.15100002288818,TRUE
"1677","D","Bone",6.91300010681152,2.29200005531311,-2.10800004005432,TRUE
"1678","D","Bone",6.92799997329712,2.29099988937378,-2.12899994850159,TRUE
"1679","D","Bone",6.83799982070923,2.17600011825562,-2.06299996376038,TRUE
"1680","D","Bone",6.875,2.14000010490417,-2.06200003623962,TRUE
"1681","D","Bone",6.34899997711182,2.47499990463257,-2.10400009155273,TRUE
"1682","D","Bone",6.33900022506714,2.40400004386902,-2.12100005149841,TRUE
"1683","D","Bone",6.56300020217896,2.30200004577637,-2.0460000038147,TRUE
"1684","D","Bone",6.3289999961853,2.26200008392334,-2.14499998092651,TRUE
"1685","D","Bone",6.39799976348877,2.63000011444092,-2.03800010681152,TRUE
"1686","D","Tooth",6.2350001335144,2.0460000038147,-2.12800002098083,TRUE
"1687","D","Bone",6.07000017166138,2.18400001525879,-2.13000011444092,TRUE
"1694","D","Bone",7.4210000038147,2.09299993515015,-2.07100009918213,TRUE
"1695","D","Bone",7.42399978637695,2.2039999961853,-2.05900001525879,TRUE
"1696","D","Bone",7.37900018692017,2.15499997138977,-2.07599997520447,TRUE
"1697","D","Bone",7.41900014877319,2.16799998283386,-2.06699991226196,TRUE
"1698","D","Bone",7.39900016784668,2.1710000038147,-2.08100008964539,TRUE
"1699","D","Bone",7.31199979782104,2.26999998092651,-2.05100011825562,TRUE
"1700","D","Bone",7.01599979400635,2.39599990844727,-2.08899998664856,TRUE
"1701","D","Bone",7.32100009918213,2.03099989891052,-2.09200000762939,TRUE
"1702","D","Bone",7.36399984359741,2.08299994468689,-2.09200000762939,TRUE
"1703","D","Bone",7.43100023269653,2.22199988365173,-2.07699990272522,TRUE
"1704","D","Bone",7.31400012969971,2.02300000190735,-2.09200000762939,TRUE
"1705","D","Tooth",7.30900001525879,2.11100006103516,-2.12199997901917,TRUE
"1706","D","Bone",7.41200017929077,2.26500010490417,-2.12899994850159,TRUE
"1707","D","Bone",7.3769998550415,2.25500011444092,-2.15100002288818,TRUE
"1708","D","Bone",7.43200016021729,2.06800007820129,-2.12899994850159,TRUE
"1709","D","Bone",7.12599992752075,2.46799993515015,-2.1470000743866,TRUE
"1714","D","Lithic",5.51999998092651,1.82200002670288,-2.09400010108948,TRUE
"1723","D","Bone",6.52899980545044,1.76999998092651,-2.09400010108948,TRUE
"1724","D","Bone",6.43100023269653,1.88399994373322,-2.09699988365173,TRUE
"1725","D","Lithic",6.83599996566772,1.64100003242493,-1.99800002574921,TRUE
"1726","D","Bone",6.53399991989136,1.82599997520447,-2.12400007247925,TRUE
"1727","D","Bone",6.55299997329712,1.85399997234344,-2.13100004196167,TRUE
"1728","D","Bone",6.70300006866455,1.82599997520447,-2.08500003814697,TRUE
"1729","D","Bone",6.30600023269653,1.86199998855591,-2.11400008201599,TRUE
"1730","D","Bone",6.48699998855591,1.95500004291534,-2.1029999256134,TRUE
"1731","D","Bone",6.74900007247925,1.78299999237061,-2.09699988365173,TRUE
"1732","D","Bone",6.11999988555908,1.96000003814697,-2.08999991416931,TRUE
"1733","D","Bone",6.75600004196167,1.65499997138977,-2.06399989128113,TRUE
"1734","D","Bone",6.90500020980835,1.89199995994568,-2.0550000667572,TRUE
"1735","D","Bone",6.7960000038147,1.7150000333786,-2.05900001525879,TRUE
"1736","D","Lithic",6.86199998855591,1.76699995994568,-2.06699991226196,TRUE
"1737","D","Tooth",6.97800016403198,1.74800002574921,-2.06599998474121,TRUE
"1738","D","Bone",6.77099990844727,1.57400000095367,-2.08100008964539,TRUE
"1739","D","Bone",6.89200019836426,1.85899996757507,-2.08100008964539,TRUE
"1740","D","Bone",6.88600015640259,1.80799996852875,-2.08599996566772,TRUE
"1741","D","Bone",6.73199987411499,1.81900000572205,-2.11100006103516,TRUE
"1742","D","Lithic",6.59299993515015,1.6690000295639,-2.08999991416931,TRUE
"1743","D","Lithic",6.89099979400635,1.92400002479553,-2.13100004196167,TRUE
"1744","D","Lithic",6.77199983596802,1.55200004577637,-2.15499997138977,TRUE
"1745","D","Lithic",6.7039999961853,1.84399998188019,-2.13700008392334,TRUE
"1746","D","Bone",6.69299983978271,1.60300004482269,-2.11800003051758,TRUE
"1747","D","Bone",6.92700004577637,1.71599996089935,-2.14299988746643,TRUE
"1748","D","Bone",7.16300010681152,1.88999998569489,-2.10500001907349,TRUE
"1749","D","Bone",7.1230001449585,1.86800003051758,-2.10800004005432,TRUE
"1750","D","Bone",7.21400022506714,1.88499999046326,-2.13599991798401,TRUE
"1751","D","Bone",7.09899997711182,1.95099997520447,-2.10400009155273,TRUE
"1752","D","Bone",7.08300018310547,1.92599999904633,-2.12299990653992,TRUE
"1753","D","Bone",7.50699996948242,1.92400002479553,-2.1029999256134,TRUE
"1754","D","Bone",7.72700023651123,1.52400004863739,-2.07299995422363,TRUE
"1755","D","Bone",7.52500009536743,1.94099998474121,-2.11800003051758,TRUE
"1756","D","Bone",7.4539999961853,1.87999999523163,-2.15100002288818,TRUE
"1757","D","Bone",7.21099996566772,1.83800005912781,-2.11800003051758,TRUE
"1758","D","Tooth",7.44000005722046,1.72300004959106,-2.1470000743866,TRUE
"1759","D","Bone",7.44500017166138,1.77100002765656,-2.1470000743866,TRUE
"1760","D","Bone",7.26999998092651,1.77699995040894,-2.14599990844727,TRUE
"1761","D","Bone",7.39300012588501,1.81900000572205,-2.14100003242493,TRUE
"1762","D","Bone",7.03700017929077,1.77199995517731,-2.13199996948242,TRUE
"1763","D","Bone",7.00500011444092,1.76800000667572,-2.11199998855591,TRUE
"1769","D","Tooth",8.59200000762939,1.5,-2.06800007820129,TRUE
"1770","D","Bone",8.51799964904785,1.53299999237061,-2.08400011062622,TRUE
"1771","D","Bone",8.37399959564209,1.53799998760223,-2.06900000572205,TRUE
"1772","D","Bone",8.38399982452393,1.58599996566772,-2.07699990272522,TRUE
"1773","D","Bone",8.39500045776367,1.60599994659424,-2.06399989128113,TRUE
"1774","D","Bone",8.34200000762939,1.307000041008,-2.06699991226196,TRUE
"1775","D","Bone",8.31400012969971,1.63300001621246,-2.06100010871887,TRUE
"1776","D","Bone",8.22900009155273,1.51699995994568,-2.10400009155273,TRUE
"1777","D","Bone",8.41300010681152,1.66999995708466,-2.0460000038147,TRUE
"1778","D","Bone",8.52099990844727,1.82299995422363,-2.0550000667572,TRUE
"1779","D","Bone",8.22299957275391,1.55299997329712,-2.08400011062622,TRUE
"1780","D","Bone",8.26900005340576,1.69900000095367,-2.11899995803833,TRUE
"1781","D","Bone",8.30500030517578,1.71000003814697,-2.11700010299683,TRUE
"1802","D","Tooth",3.30299997329712,2.83400011062622,-2.15700006484985,TRUE
"1803","D","Bone",3.84599995613098,2.6949999332428,-2.16199994087219,TRUE
"1804","D","Bone",3.30900001525879,2.71900010108948,-2.19300007820129,TRUE
"1805","D","Bone",3.46799993515015,2.73699998855591,-2.20499992370605,TRUE
"1806","D","Tooth",3.2409999370575,2.8289999961853,-2.17300009727478,TRUE
"1807","D","Bone",3.32500004768372,2.88599991798401,-2.16799998283386,TRUE
"1808","D","Bone",3.35599994659424,2.68099999427795,-2.22399997711182,TRUE
"1809","D","Bone",3.28299999237061,2.625,-2.22300004959106,TRUE
"1810","D","Bone",3.84200000762939,2.85800004005432,-2.17799997329712,TRUE
"1811","D","Bone",3.75600004196167,2.84400010108948,-2.17799997329712,TRUE
"1812","D","Bone",3.97499990463257,2.70799994468689,-2.22399997711182,TRUE
"1813","D","Bone",3.4210000038147,2.76300001144409,-2.24600005149841,TRUE
"1814","D","Bone",3.37700009346008,2.34500002861023,-2.22900009155273,TRUE
"1819","D","Bone",4.58099985122681,2.71900010108948,-2.1710000038147,TRUE
"1820","D","Lithic",4.13399982452393,2.81500005722046,-2.17899990081787,TRUE
"1821","D","Bone",4.9850001335144,2.48300004005432,-2.20799994468689,TRUE
"1822","D","Bone",4.97399997711182,2.50799989700317,-2.2039999961853,TRUE
"1833","D","Bone",5.59700012207031,2.15799999237061,-2.18099999427795,TRUE
"1834","D","Bone",5.21700000762939,2.04999995231628,-2.18499994277954,TRUE
"1835","D","Bone",5.53200006484985,2.30599999427795,-2.12700009346008,TRUE
"1836","D","Bone",5.14900016784668,2.10999989509583,-2.23099994659424,TRUE
"1837","D","Bone",5.38299989700317,2.35800004005432,-2.23799991607666,TRUE
"1838","D","Bone",5.97100019454956,2.15199995040894,-2.17300009727478,TRUE
"1839","D","Bone",5.43699979782104,2.54699993133545,-2.16100001335144,TRUE
"1840","D","Bone",5.50500011444092,2.51999998092651,-2.16100001335144,TRUE
"1841","D","Bone",5.52400016784668,2.39299988746643,-2.20900011062622,TRUE
"1842","D","Bone",5.52299976348877,2.41100001335144,-2.20600008964539,TRUE
"1843","D","Bone",5.65799999237061,2.31500005722046,-2.19799995422363,TRUE
"1858","D","Bone",6.26599979400635,2.16599988937378,-2.16700005531311,TRUE
"1859","D","Bone",6.26000022888184,2.13599991798401,-2.19600009918213,TRUE
"1860","D","Bone",6.33099985122681,2.17300009727478,-2.18700003623962,TRUE
"1861","D","Bone",6.3600001335144,2.06900000572205,-2.19099998474121,TRUE
"1862","D","Bone",6.16300010681152,2.04500007629395,-2.18600010871887,TRUE
"1863","D","Bone",6.27500009536743,2.21700000762939,-2.15199995040894,TRUE
"1864","D","Bone",6.10599994659424,2.0550000667572,-2.18099999427795,TRUE
"1865","D","Bone",6.31799983978271,2.23900008201599,-2.19899988174438,TRUE
"1866","D","Bone",6.26000022888184,2.06500005722046,-2.1800000667572,TRUE
"1867","D","Bone",6.79500007629395,2.09299993515015,-2.17199993133545,TRUE
"1868","D","Bone",6.17500019073486,2.12899994850159,-2.19799995422363,TRUE
"1869","D","Bone",6.32499980926514,2.31299996376038,-2.1800000667572,TRUE
"1870","D","Bone",6.80499982833862,2.09599995613098,-2.19300007820129,TRUE
"1871","D","Bone",6.19099998474121,2.18799996376038,-2.24300003051758,TRUE
"1872","D","Bone",6.80800008773804,2.0460000038147,-2.18499994277954,TRUE
"1873","D","Bone",6.46000003814697,2.19099998474121,-2.20099997520447,TRUE
"1874","D","Bone",6.20300006866455,2.25,-2.23699998855591,TRUE
"1875","D","Bone",6.16300010681152,2.25,-2.24000000953674,TRUE
"1876","D","Bone",6.48199987411499,2.17700004577637,-2.22399997711182,TRUE
"1877","D","Bone",7.05600023269653,2.30599999427795,-2.25600004196167,TRUE
"1878","D","Bone",6.22700023651123,2.12800002098083,-2.24000000953674,TRUE
"1879","D","Bone",6.11600017547607,2.11899995803833,-2.24699997901917,TRUE
"1880","D","Bone",6.47100019454956,2.51300001144409,-2.20300006866455,TRUE
"1889","D","Bone",7.37799978256226,2.23099994659424,-2.17199993133545,TRUE
"1890","D","Bone",7.30900001525879,2.125,-2.17600011825562,TRUE
"1891","D","Tooth",7.06799983978271,2.31299996376038,-2.20000004768372,TRUE
"1892","D","Lithic",7.43800020217896,2.20799994468689,-2.17000007629395,TRUE
"1893","D","Bone",7.01900005340576,2.28999996185303,-2.24900007247925,TRUE
"1894","D","Bone",7.34299993515015,2.07800006866455,-2.15300011634827,TRUE
"1895","D","Bone",7.41699981689453,2.27900004386902,-2.16700005531311,TRUE
"1896","D","Bone",7.04899978637695,2.2590000629425,-2.2409999370575,TRUE
"1897","D","Bone",7.34100008010864,2.04099988937378,-2.16400003433228,TRUE
"1898","D","Bone",7.03200006484985,2.32299995422363,-2.2260000705719,TRUE
"1899","D","Bone",7.2979998588562,2.08699989318848,-2.19899988174438,TRUE
"1900","D","Bone",7.01700019836426,2.28900003433228,-2.23499989509583,TRUE
"1901","D","Lithic",7.39900016784668,2.01099991798401,-2.18400001525879,TRUE
"1902","D","Bone",7.0149998664856,2.1470000743866,-2.23799991607666,TRUE
"1903","D","Bone",7.40700006484985,2.03200006484985,-2.2260000705719,TRUE
"1904","D","Bone",7.00099992752075,2.17199993133545,-2.24799990653992,TRUE
"1905","D","Tooth",7.44099998474121,2.08599996566772,-2.23000001907349,TRUE
"1908","D","Lithic",5.51000022888184,1.89400005340576,-2.1800000667572,TRUE
"1909","D","Lithic",5.46199989318848,1.92299997806549,-2.21799993515015,TRUE
"1910","D","Lithic",5.60099983215332,1.82099997997284,-2.2279999256134,TRUE
"1911","D","Bone",5.24700021743774,1.94200003147125,-2.25500011444092,TRUE
"1923","D","Tooth",6.65799999237061,1.63300001621246,-2.17600011825562,TRUE
"1924","D","Bone",6.61600017547607,1.71300005912781,-2.20700001716614,TRUE
"1925","D","Bone",6.6269998550415,1.80299997329712,-2.17499995231628,TRUE
"1926","D","Bone",6.68699979782104,1.77799999713898,-2.16799998283386,TRUE
"1927","D","Lithic",6.78599977493286,1.59399998188019,-2.19300007820129,TRUE
"1928","D","Bone",6.71400022506714,1.85000002384186,-2.14400005340576,TRUE
"1929","D","Bone",6.75699996948242,1.5900000333786,-2.20300006866455,TRUE
"1930","D","Bone",6.72800016403198,1.8289999961853,-2.16000008583069,TRUE
"1931","D","Bone",6.73000001907349,1.6710000038147,-2.19600009918213,TRUE
"1932","D","Bone",6.67700004577637,1.88499999046326,-2.19099998474121,TRUE
"1933","D","Bone",6.71199989318848,1.84399998188019,-2.18099999427795,TRUE
"1934","D","Bone",6.52899980545044,1.88999998569489,-2.18499994277954,TRUE
"1935","D","Bone",6.54500007629395,1.95099997520447,-2.16400003433228,TRUE
"1936","D","Bone",6.27699995040894,1.87600004673004,-2.15599989891052,TRUE
"1937","D","Bone",6.05999994277954,1.92299997806549,-2.17899990081787,TRUE
"1938","D","Bone",6.38000011444092,1.78799998760223,-2.16400003433228,TRUE
"1939","D","Tooth",6.28200006484985,1.88300001621246,-2.16599988937378,TRUE
"1940","D","Bone",6.05600023269653,1.98300004005432,-2.15499997138977,TRUE
"1941","D","Bone",6.30800008773804,1.86500000953674,-2.21399998664856,TRUE
"1942","D","Bone",6.1100001335144,1.98199999332428,-2.17600011825562,TRUE
"1943","D","Bone",6.08199977874756,1.96800005435944,-2.2409999370575,TRUE
"1946","D","Lithic",7.65799999237061,1.65100002288818,-2.17700004577637,TRUE
"1947","D","Bone",7.16599988937378,1.71200001239777,-2.16199994087219,TRUE
"1948","D","Bone",7.7020001411438,1.62000000476837,-2.16400003433228,TRUE
"1949","D","Bone",7.23999977111816,1.75999999046326,-2.15100002288818,TRUE
"1950","D","Bone",7.25500011444092,1.70200002193451,-2.17300009727478,TRUE
"1951","D","Bone",7.39599990844727,1.69900000095367,-2.1710000038147,TRUE
"1952","D","Bone",7.53499984741211,1.7150000333786,-2.15799999237061,TRUE
"1953","D","Bone",7.53299999237061,1.67999994754791,-2.17600011825562,TRUE
"1954","D","Bone",7.10699987411499,1.76400005817413,-2.15000009536743,TRUE
"1955","D","Bone",7.29899978637695,1.76300001144409,-2.14499998092651,TRUE
"1956","D","Bone",7.30700016021729,1.67900002002716,-2.15000009536743,TRUE
"1957","D","Bone",7.60599994659424,1.78600001335144,-2.16000008583069,TRUE
"1958","D","Bone",7.14099979400635,1.73699998855591,-2.16499996185303,TRUE
"1959","D","Bone",7.11100006103516,1.80900001525879,-2.1489999294281,TRUE
"1960","D","Bone",7.17799997329712,1.80299997329712,-2.16100001335144,TRUE
"1961","D","Bone",7.41099977493286,1.75300002098083,-2.16000008583069,TRUE
"1962","D","Bone",7.43699979782104,1.85300004482269,-2.15199995040894,TRUE
"1963","D","Bone",7.34899997711182,1.79999995231628,-2.18899989128113,TRUE
"1964","D","Bone",7.45900011062622,1.87999999523163,-2.1710000038147,TRUE
"1965","D","Bone",7.27400016784668,1.78100001811981,-2.16599988937378,TRUE
"1966","D","Bone",7.40399980545044,1.86000001430511,-2.16599988937378,TRUE
"1967","D","Bone",7.64799976348877,1.75800001621246,-2.17000007629395,TRUE
"1968","D","Bone",7.09000015258789,1.74199998378754,-2.17499995231628,TRUE
"1969","D","Bone",7.24599981307983,1.70099997520447,-2.17600011825562,TRUE
"1970","D","Bone",7.54099988937378,1.75800001621246,-2.19300007820129,TRUE
"1971","D","Bone",7.09200000762939,1.78400003910065,-2.15700006484985,TRUE
"1972","D","Bone",7.05700016021729,1.77300000190735,-2.1489999294281,TRUE
"1973","D","Bone",7.08599996566772,1.92700004577637,-2.1489999294281,TRUE
"1974","D","Bone",7.16599988937378,1.88999998569489,-2.16700005531311,TRUE
"1975","D","Bone",7.04699993133545,1.7940000295639,-2.18099999427795,TRUE
"1976","D","Bone",7.58300018310547,1.67900002002716,-2.22499990463257,TRUE
"1977","D","Bone",7.22800016403198,1.76900005340576,-2.21799993515015,TRUE
"1978","D","Lithic",7.41400003433228,1.72699999809265,-2.21300005912781,TRUE
"1979","D","Bone",7.2519998550415,1.82400000095367,-2.22699999809265,TRUE
"1980","D","Bone",7.22300004959106,1.88199996948242,-2.21900010108948,TRUE
"1981","D","Bone",7.35400009155273,1.77499997615814,-2.21499991416931,TRUE
"1982","D","Bone",7.30299997329712,1.71700000762939,-2.2409999370575,TRUE
"1983","D","Bone",7.12799978256226,1.83500003814697,-2.24300003051758,TRUE
"1984","D","Bone",7.12200021743774,1.91799998283386,-2.2039999961853,TRUE
"1989","D","Bone",8.28400039672852,1.80799996852875,-2.22499990463257,TRUE
"1990","D","Bone",8.32600021362305,1.48500001430511,-2.16199994087219,TRUE
"1991","D","Bone",8.56400012969971,1.44599997997284,-2.21600008010864,TRUE
"1992","D","Bone",8.17899990081787,1.21200001239777,-2.26099991798401,TRUE
"1993","D","Bone",8.39099979400635,1.7389999628067,-2.21199989318848,TRUE
"1994","D","Bone",8.41100025177002,1.75699996948242,-2.20499992370605,TRUE
"1995","D","Bone",8.36100006103516,1.72599995136261,-2.18400001525879,TRUE
"1996","D","Bone",8.27499961853027,1.66600000858307,-2.16300010681152,TRUE
"1997","D","Bone",8.26200008392334,1.63800001144409,-2.16300010681152,TRUE
"2008","D","Bone",3.27300000190735,2.45199990272522,-2.29299998283386,TRUE
"2009","D","Bone",3.38800001144409,2.74600005149841,-2.33299994468689,TRUE
"2010","D","Bone",3.83299994468689,2.17400002479553,-2.30100011825562,TRUE
"2011","D","Tooth",3.27300000190735,2.48799991607666,-2.35199999809265,TRUE
"2018","D","Bone",4.06500005722046,2.29200005531311,-2.25600004196167,TRUE
"2019","D","Bone",4.82800006866455,2.50799989700317,-2.30900001525879,TRUE
"2020","D","Bone",4.01399993896484,2.2960000038147,-2.33500003814697,TRUE
"2033","D","Bone",5.20699977874756,2.13299989700317,-2.29299998283386,TRUE
"2034","D","Tooth",5.27400016784668,2.25999999046326,-2.26200008392334,TRUE
"2035","D","Bone",5.33199977874756,2.28999996185303,-2.25699996948242,TRUE
"2036","D","Bone",5.28299999237061,2.03399991989136,-2.28200006484985,TRUE
"2037","D","Bone",5.24599981307983,2.02099990844727,-2.31299996376038,TRUE
"2038","D","Bone",5.27699995040894,2.18700003623962,-2.32399988174438,TRUE
"2039","D","Bone",5.43400001525879,2.3659999370575,-2.31699991226196,TRUE
"2040","D","Bone",5.63000011444092,2.03999996185303,-2.29399991035461,TRUE
"2041","D","Bone",5.21000003814697,2.3199999332428,-2.36199998855591,TRUE
"2042","D","Bone",5.25,2.32399988174438,-2.35999989509583,TRUE
"2043","D","Bone",5.27799987792969,2.32800006866455,-2.42799997329712,TRUE
"2044","D","Bone",5.09200000762939,2.46900010108948,-2.375,TRUE
"2045","D","Bone",5.18900012969971,2.56699991226196,-2.3199999332428,TRUE
"2046","D","Bone",5.20300006866455,2.54299998283386,-2.38299989700317,TRUE
"2047","D","Bone",5.22200012207031,2.45900011062622,-2.39599990844727,TRUE
"2048","D","Bone",5.66499996185303,2.36700010299683,-2.29500007629395,TRUE
"2049","D","Bone",5.7350001335144,2.31399989128113,-2.24799990653992,TRUE
"2050","D","Bone",5.63100004196167,2.36800003051758,-2.29399991035461,TRUE
"2062","D","Bone",6.96799993515015,2.07100009918213,-2.2739999294281,TRUE
"2063","D","Bone",6.13100004196167,2.08500003814697,-2.26600003242493,TRUE
"2064","D","Bone",6.40899991989136,1.82500004768372,-2.32699990272522,TRUE
"2065","D","Bone",6.61499977111816,1.6599999666214,-2.30699992179871,TRUE
"2066","D","Bone",6.6230001449585,1.68599998950958,-2.30699992179871,TRUE
"2067","D","Bone",6.13100004196167,2.08500003814697,-2.26600003242493,TRUE
"2068","D","Bone",6.22300004959106,2.06699991226196,-2.28200006484985,TRUE
"2069","D","Bone",6.29400014877319,2.14000010490417,-2.31299996376038,TRUE
"2070","D","Bone",6.26800012588501,2.15700006484985,-2.32299995422363,TRUE
"2071","D","Bone",6.51800012588501,2.19199991226196,-2.29200005531311,TRUE
"2072","D","Bone",6.47200012207031,2.01099991798401,-2.30900001525879,TRUE
"2073","D","Bone",6.48999977111816,2.18799996376038,-2.33500003814697,TRUE
"2074","D","Bone",6.10099983215332,2.14299988746643,-2.33100008964539,TRUE
"2075","D","Tooth",6.58400011062622,2.28500008583069,-2.31699991226196,TRUE
"2082","D","Bone",7.05600023269653,2.30599999427795,-2.25600004196167,TRUE
"2083","D","Bone",7.39300012588501,2.1159999370575,-2.27600002288818,TRUE
"2084","D","Lithic",7.05499982833862,2.28500008583069,-2.25500011444092,TRUE
"2085","D","Bone",7.25099992752075,2.00600004196167,-2.29399991035461,TRUE
"2086","D","Bone",7.00099992752075,2.27500009536743,-2.28600001335144,TRUE
"2087","D","Bone",7.28499984741211,2.14800000190735,-2.32699990272522,TRUE
"2088","D","Bone",7.05800008773804,2.31100010871887,-2.28500008583069,TRUE
"2089","D","Bone",7.00899982452393,2.33999991416931,-2.3050000667572,TRUE
"2090","D","Bone",7.28399991989136,2.13700008392334,-2.36800003051758,TRUE
"2091","D","Bone",7.4060001373291,2.07599997520447,-2.32800006866455,TRUE
"2092","D","Bone",7.44600009918213,2.00600004196167,-2.32800006866455,TRUE
"2107","D","Lithic",5.89699983596802,1.94099998474121,-2.24799990653992,TRUE
"2108","D","Bone",5.74499988555908,1.97099995613098,-2.34899997711182,TRUE
"2109","D","Bone",5.80499982833862,1.90699994564056,-2.30900001525879,TRUE
"2110","D","Bone",5.80700016021729,1.96000003814697,-2.33699989318848,TRUE
"2111","D","Bone",5.69899988174438,1.95500004291534,-2.34999990463257,TRUE
"2118","D","Bone",6.43499994277954,1.89600002765656,-2.26799988746643,TRUE
"2119","D","Bone",6.45300006866455,1.87199997901917,-2.26699995994568,TRUE
"2120","D","Bone",6.42000007629395,1.83500003814697,-2.26900005340576,TRUE
"2121","D","Bone",6.20499992370605,1.99800002574921,-2.26399993896484,TRUE
"2122","D","Bone",6.75099992752075,1.54499995708466,-2.27800011634827,TRUE
"2123","D","Bone",6.7480001449585,1.53600001335144,-2.25999999046326,TRUE
"2124","D","Bone",6.54300022125244,1.90499997138977,-2.26099991798401,TRUE
"2125","D","Bone",6.46700000762939,1.90499997138977,-2.28099989891052,TRUE
"2126","D","Bone",6.26999998092651,1.68700003623962,-2.31500005722046,TRUE
"2127","D","Tooth",6.40899991989136,1.82500004768372,-2.32699990272522,TRUE
"2128","D","Bone",6.61499977111816,1.6599999666214,-2.30699992179871,TRUE
"2129","D","Bone",6.6230001449585,1.68599998950958,-2.30699992179871,TRUE
"2130","D","Bone",6.84200000762939,1.44799995422363,-2.25999999046326,TRUE
"2131","D","Bone",6.75099992752075,1.48599994182587,-2.30699992179871,TRUE
"2132","D","Bone",6.56400012969971,1.42700004577637,-2.32100009918213,TRUE
"2133","D","Bone",6.81099987030029,1.46099996566772,-2.33699989318848,TRUE
"2134","D","Bone",6.78399991989136,1.5110000371933,-2.34699988365173,TRUE
"2135","D","Bone",6.88899993896484,1.73000001907349,-2.26999998092651,TRUE
"2136","D","Bone",6.90700006484985,1.73599994182587,-2.27900004386902,TRUE
"2137","D","Tooth",7.05600023269653,2.30599999427795,-2.25600004196167,TRUE
"2140","D","Bone",7.00899982452393,1.96700000762939,-2.34500002861023,TRUE
"2141","D","Bone",7.07399988174438,1.83899998664856,-2.31800007820129,TRUE
"2142","D","Lithic",7.21700000762939,1.44599997997284,-2.31200003623962,TRUE
"2143","D","Bone",7.6269998550415,1.83000004291534,-2.32299995422363,TRUE
"2144","D","Bone",8.22500038146973,1.37100005149841,-2.30399990081787,TRUE
"2145","D","Bone",8.83199977874756,1.36699998378754,-2.33899998664856,TRUE
"2146","D","Bone",8.39099979400635,1.74399995803833,-2.28999996185303,TRUE
"2147","D","Bone",8.26700019836426,1.692999958992,-2.41499996185303,TRUE
"2148","D","Tooth",8.10400009155273,1.03900003433228,-2.51099991798401,TRUE
"2157","D","Bone",3.53900003433228,2.21000003814697,-2.38599991798401,TRUE
"2158","D","Tooth",3.28900003433228,2.60899996757507,-2.39000010490417,TRUE
"2159","D","Bone",3.46600008010864,2.30699992179871,-2.40000009536743,TRUE
"2160","D","Bone",3.8510000705719,2.18899989128113,-2.40000009536743,TRUE
"2161","D","Bone",3.60700011253357,2.14400005340576,-2.44099998474121,TRUE
"2162","D","Tooth",3.56399989128113,2.26900005340576,-2.43499994277954,TRUE
"2163","D","Bone",3.94300007820129,2.3510000705719,-2.38800001144409,TRUE
"2167","D","Bone",4.72599983215332,2.49900007247925,-2.42400002479553,TRUE
"2168","D","Bone",4.47100019454956,2.57200002670288,-2.3970000743866,TRUE
"2169","D","Bone",4.46999979019165,2.50200009346008,-2.40899991989136,TRUE
"2170","D","Bone",4.56799983978271,2.24300003051758,-2.42600011825562,TRUE
"2178","D","Bone",5.56199979782104,2.01600003242493,-2.41300010681152,TRUE
"2179","D","Bone",5.43800020217896,2.53099989891052,-2.39100003242493,TRUE
"2180","D","Bone",5.5,2.4760000705719,-2.43899989128113,TRUE
"2195","D","Bone",6.34100008010864,2.11999988555908,-2.3970000743866,TRUE
"2196","D","Bone",6.90199995040894,2.01500010490417,-2.38899993896484,TRUE
"2197","D","Bone",6.74900007247925,2.19199991226196,-2.40400004386902,TRUE
"2198","D","Bone",6.82100009918213,2.15700006484985,-2.42000007629395,TRUE
"2199","D","Bone",6.93599987030029,2.01300001144409,-2.42799997329712,TRUE
"2200","D","Bone",6.12099981307983,2.11299991607666,-2.42899990081787,TRUE
"2201","D","Bone",6.9060001373291,2.01699995994568,-2.45199990272522,TRUE
"2202","D","Bone",6.7480001449585,2.43600010871887,-2.43600010871887,TRUE
"2203","D","Bone",6.37200021743774,2.15899991989136,-2.3659999370575,TRUE
"2204","D","Bone",6.50099992752075,2.19300007820129,-2.35899996757507,TRUE
"2205","D","Bone",6.49700021743774,2.12800002098083,-2.37800002098083,TRUE
"2206","D","Bone",6.52199983596802,2.12599992752075,-2.37100005149841,TRUE
"2207","D","Bone",6.51300001144409,2.15899991989136,-2.39400005340576,TRUE
"2208","D","Lithic",6.18100023269653,2.06100010871887,-2.36299991607666,TRUE
"2209","D","Bone",6.5310001373291,2.15700006484985,-2.44400000572205,TRUE
"2210","D","Bone",6.18900012969971,2.07500004768372,-2.38100004196167,TRUE
"2211","D","Bone",6.42500019073486,2.05999994277954,-2.41000008583069,TRUE
"2212","D","Bone",6.14799976348877,2.18499994277954,-2.37400007247925,TRUE
"2213","D","Lithic",6.34800004959106,2.11700010299683,-2.39499998092651,TRUE
"2214","D","Bone",6.21799993515015,2.07299995422363,-2.38700008392334,TRUE
"2223","D","Bone",7.03000020980835,2.05299997329712,-2.36800003051758,TRUE
"2224","D","Bone",7.01700019836426,2.12299990653992,-2.43300008773804,TRUE
"2225","D","Bone",7.49900007247925,2.11500000953674,-2.39599990844727,TRUE
"2226","D","Bone",7.5,2.12100005149841,-2.44199991226196,TRUE
"2227","D","Bone",7.53200006484985,2.12700009346008,-2.42700004577637,TRUE
"2229","D","Bone",3.72199988365173,1.78999996185303,-2.14199995994568,TRUE
"2238","D","Tooth",5.67399978637695,1.87699997425079,-2.39100003242493,TRUE
"2249","D","Bone",6.56799983978271,1.34300005435944,-2.41599988937378,TRUE
"2250","D","Bone",6.10699987411499,1.97399997711182,-2.43400001525879,TRUE
"2251","D","Bone",6.85900020599365,1.88999998569489,-2.39599990844727,TRUE
"2252","D","Tooth",6.18699979782104,1.85399997234344,-2.43300008773804,TRUE
"2253","D","Lithic",6.32399988174438,1.9650000333786,-2.42700004577637,TRUE
"2254","D","Lithic",6.31500005722046,1.9099999666214,-2.42000007629395,TRUE
"2255","D","Tooth",6.26000022888184,1.82500004768372,-2.43400001525879,TRUE
"2256","D","Lithic",6.45100021362305,1.64199995994568,-2.35999989509583,TRUE
"2257","D","Lithic",6.45599985122681,1.65499997138977,-2.36899995803833,TRUE
"2258","D","Bone",6.67000007629395,1.62399995326996,-2.40400004386902,TRUE
"2259","D","Bone",6.75,1.557000041008,-2.38000011444092,TRUE
"2260","D","Bone",6.72599983215332,1.5349999666214,-2.40599989891052,TRUE
"2261","D","Bone",6.87799978256226,1.67599999904633,-2.39599990844727,TRUE
"2262","D","Bone",6.40399980545044,1.62199997901917,-2.41700005531311,TRUE
"2263","D","Bone",6.77899980545044,1.49199998378754,-2.39599990844727,TRUE
"2264","D","Bone",6.41599988937378,1.57000005245209,-2.43899989128113,TRUE
"2265","D","Bone",6.41800022125244,1.61699998378754,-2.43199992179871,TRUE
"2266","D","Bone",6.74300003051758,1.63900005817413,-2.35599994659424,TRUE
"2267","D","Bone",6.7979998588562,1.63300001621246,-2.32800006866455,TRUE
"2268","D","Bone",7.05600023269653,2.30599999427795,-2.25600004196167,TRUE
"2269","D","Bone",6.55800008773804,1.88399994373322,-2.42499995231628,TRUE
"2270","D","Bone",6.65999984741211,1.63699996471405,-2.45099997520447,TRUE
"2271","D","Bone",6.74700021743774,1.38999998569489,-2.43099999427795,TRUE
"2272","D","Bone",6.67399978637695,1.35199999809265,-2.41899991035461,TRUE
"2278","D","Bone",7.01700019836426,1.8639999628067,-2.38000011444092,TRUE
"2279","D","Bone",7.00299978256226,1.95500004291534,-2.375,TRUE
"2280","D","Bone",7.12599992752075,1.93400001525879,-2.36299991607666,TRUE
"2281","D","Bone",7.26000022888184,1.82099997997284,-2.36700010299683,TRUE
"2282","D","Lithic",7.18200016021729,1.73800003528595,-2.39599990844727,TRUE
"2283","D","Tooth",7.43400001525879,1.39499998092651,-2.38100004196167,TRUE
"2284","D","Bone",7.47300004959106,1.63100004196167,-2.43700003623962,TRUE
"2285","D","Tooth",7.52799987792969,1.96300005912781,-2.4449999332428,TRUE
"2295","D","Bone",8.65200042724609,1.19200003147125,-2.38000011444092,TRUE
"2296","D","Bone",8.25899982452393,1.54900002479553,-2.36299991607666,TRUE
"2297","D","Tooth",8.61299991607666,1.1599999666214,-2.40599989891052,TRUE
"2298","D","Bone",8.56799983978271,1.21099996566772,-2.41000008583069,TRUE
"2299","D","Bone",8.49499988555908,1.22200000286102,-2.41799998283386,TRUE
"2300","D","Tooth",8.68400001525879,1.17599999904633,-2.40700006484985,TRUE
"2301","D","Tooth",8.65999984741211,1.26999998092651,-2.42199993133545,TRUE
"2302","D","Lithic",8.68299961090088,1.28600001335144,-2.42000007629395,TRUE
"2303","D","Bone",8.41499996185303,1.30400002002716,-2.43799996376038,TRUE
"2304","D","Lithic",8.89000034332275,1.21899998188019,-2.44700002670288,TRUE
"2305","D","Lithic",8.69699954986572,1.33200001716614,-2.45300006866455,TRUE
"2306","D","Bone",8.05300045013428,1.42200005054474,-2.39499998092651,TRUE
"2312","D","Bone",3.6949999332428,2.14499998092651,-2.51200008392334,TRUE
"2313","D","Bone",3.28200006484985,2.46600008010864,-2.48099994659424,TRUE
"2314","D","Bone",3.51099991798401,2.37100005149841,-2.55100011825562,TRUE
"2315","D","Bone",4.80900001525879,2.38800001144409,-2.44700002670288,TRUE
"2316","D","Tooth",4.47599983215332,2.38000011444092,-2.46600008010864,TRUE
"2317","D","Bone",4.40199995040894,2.30900001525879,-2.48200011253357,TRUE
"2318","D","Bone",4.46000003814697,2.23600006103516,-2.4779999256134,TRUE
"2319","D","Bone",4.47499990463257,2.48000001907349,-2.5,TRUE
"2320","D","Bone",4.39799976348877,2.58299994468689,-2.50799989700317,TRUE
"2321","D","Bone",4.72900009155273,2.29900002479553,-2.49000000953674,TRUE
"2322","D","Bone",4.74300003051758,2.42700004577637,-2.52500009536743,TRUE
"2332","D","Tooth",5.125,2.19899988174438,-2.48000001907349,TRUE
"2333","D","Bone",5.48400020599365,2.05699992179871,-2.51799988746643,TRUE
"2334","D","Bone",5.56400012969971,2.10800004005432,-2.53600001335144,TRUE
"2335","D","Bone",5.42500019073486,2.30399990081787,-2.54200005531311,TRUE
"2336","D","Lithic",5.13800001144409,2.32200002670288,-2.5460000038147,TRUE
"2337","D","Bone",5.38600015640259,2.6340000629425,-2.45600008964539,TRUE
"2338","D","Lithic",5.28299999237061,2.58800005912781,-2.46300005912781,TRUE
"2348","D","Bone",6.41800022125244,2.1489999294281,-2.48099994659424,TRUE
"2349","D","Bone",6.81300020217896,2.13899993896484,-2.47900009155273,TRUE
"2350","D","Bone",6.75099992752075,2.12899994850159,-2.5239999294281,TRUE
"2351","D","Bone",6.68100023269653,2.00300002098083,-2.51500010490417,TRUE
"2353","D","Bone",7.48699998855591,2.10400009155273,-2.45099997520447,TRUE
"2354","D","Tooth",7.5460000038147,2.21300005912781,-2.35199999809265,TRUE
"2355","D","Bone",7.54300022125244,2.15499997138977,-2.46700000762939,TRUE
"2360","D","Bone",3.62899994850159,1.90499997138977,-2.4539999961853,TRUE
"2361","D","Bone",3.67700004577637,1.92299997806549,-2.49499988555908,TRUE
"2362","D","Bone",3.62800002098083,1.94599997997284,-2.51500010490417,TRUE
"2363","D","Bone",3.80100011825562,1.95799994468689,-2.5090000629425,TRUE
"2384","D","Bone",6.66800022125244,1.42900002002716,-2.45199990272522,TRUE
"2385","D","Bone",6.55200004577637,1.8289999961853,-2.45600008964539,TRUE
"2386","D","Bone",6.74700021743774,1.67700004577637,-2.47000002861023,TRUE
"2387","D","Bone",6.66900014877319,1.47399997711182,-2.47000002861023,TRUE
"2388","D","Tooth",6.21000003814697,1.61600005626678,-2.46099996566772,TRUE
"2389","D","Bone",6.64599990844727,1.56400001049042,-2.5090000629425,TRUE
"2390","D","Bone",6.41599988937378,1.31099998950958,-2.53200006484985,TRUE
"2391","D","Bone",6.57000017166138,1.24800002574921,-2.54699993133545,TRUE
"2392","D","Bone",6.84299993515015,1.25,-2.52500009536743,TRUE
"2393","D","Bone",6.4520001411438,1.75199997425079,-2.51099991798401,TRUE
"2394","D","Bone",6.44299983978271,1.72599995136261,-2.54500007629395,TRUE
"2395","D","Bone",6.75899982452393,1.4099999666214,-2.53299999237061,TRUE
"2396","D","Bone",6.83199977874756,1.56099998950958,-2.52900004386902,TRUE
"2397","D","Bone",6.94099998474121,1.98699998855591,-2.47000002861023,TRUE
"2398","D","Bone",6.64400005340576,1.94799995422363,-2.46499991416931,TRUE
"2399","D","Bone",6.85200023651123,1.8289999961853,-2.47000002861023,TRUE
"2400","D","Bone",6.22399997711182,1.76900005340576,-2.48799991607666,TRUE
"2401","D","Bone",6.97800016403198,1.875,-2.54699993133545,TRUE
"2410","D","Lithic",7.3769998550415,1.692999958992,-2.46600008010864,TRUE
"2411","D","Bone",7.50600004196167,1.69599997997284,-2.45600008964539,TRUE
"2422","D","Tooth",8.00899982452393,1.05499994754791,-2.48099994659424,TRUE
"2423","D","Bone",8.60400009155273,1.19500005245209,-2.47300004959106,TRUE
"2424","D","Tooth",8.69400024414062,1.29999995231628,-2.4539999961853,TRUE
"2425","D","Lithic",8.61100006103516,1.22300004959106,-2.48600006103516,TRUE
"2426","D","Lithic",8.77499961853027,1.25999999046326,-2.46199989318848,TRUE
"2427","D","Tooth",8.18299961090088,1.27699995040894,-2.51099991798401,TRUE
"2428","D","Bone",8.16399955749512,1.31299996376038,-2.4779999256134,TRUE
"2429","D","Bone",8.84200000762939,1.18499994277954,-2.48499989509583,TRUE
"2430","D","Lithic",8.23099994659424,1.42900002002716,-2.47000002861023,TRUE
"2431","D","Bone",8.38000011444092,1.26600003242493,-2.46700000762939,TRUE
"2432","D","Bone",8.41100025177002,1.23399996757507,-2.51699995994568,TRUE
"2433","D","Lithic",8.48900032043457,1.12199997901917,-2.5090000629425,TRUE
"2434","D","Lithic",8.33600044250488,1.27900004386902,-2.50300002098083,TRUE
"2435","D","Lithic",8.36900043487549,1.32599997520447,-2.52500009536743,TRUE
"2436","D","Lithic",8.57100009918213,1.11500000953674,-2.53900003433228,TRUE
"2437","D","Lithic",8.36999988555908,1.39900004863739,-2.54399991035461,TRUE
"2438","D","Bone",8.31099987030029,1.45799994468689,-2.54399991035461,TRUE
"2439","D","Bone",8.09099960327148,1.26900005340576,-2.54500007629395,TRUE
"2440","D","Bone",8.10799980163574,1.24300003051758,-2.55399990081787,TRUE
"2441","D","Bone",8.09799957275391,1.1139999628067,-2.51999998092651,TRUE
"2443","D","Bone",8.1870002746582,0.876999974250793,-2.45600008964539,TRUE
"2444","D","Lithic",8.42599964141846,0.995000004768372,-2.49300003051758,TRUE
"2445","D","Lithic",8.39400005340576,0.972000002861023,-2.49300003051758,TRUE
"2446","D","Bone",8.21700000762939,0.925000011920929,-2.50399994850159,TRUE
"2447","D","Bone",8.17500019073486,0.962999999523163,-2.49399995803833,TRUE
"2448","D","Bone",8.20800018310547,0.976999998092651,-2.49499988555908,TRUE
"2449","D","Bone",8.18900012969971,0.850000023841858,-2.53999996185303,TRUE
"2450","D","Lithic",8.27200031280518,0.897000014781952,-2.53299999237061,TRUE
"2466","D","Lithic",3.72900009155273,2.11400008201599,-2.63499999046326,TRUE
"2467","D","Bone",3.80900001525879,2.05299997329712,-2.60400009155273,TRUE
"2468","D","Bone",3.78699994087219,2.06500005722046,-2.6010000705719,TRUE
"2469","D","Bone",3.74300003051758,2.14599990844727,-2.64199995994568,TRUE
"2470","D","Bone",3.69099998474121,2.03099989891052,-2.59299993515015,TRUE
"2471","D","Bone",3.64800000190735,2.00600004196167,-2.63899993896484,TRUE
"2472","D","Bone",3.76799988746643,2.23900008201599,-2.63700008392334,TRUE
"2473","D","Bone",3.28600001335144,2.51500010490417,-2.65000009536743,TRUE
"2474","D","Tooth",3.28800010681152,2.62899994850159,-2.6470000743866,TRUE
"2480","D","Bone",4.74399995803833,2.35500001907349,-2.59500002861023,TRUE
"2481","D","Bone",4.88299989700317,2.25699996948242,-2.58200001716614,TRUE
"2482","D","Bone",4.61999988555908,2.3289999961853,-2.58100008964539,TRUE
"2483","D","Bone",4.44199991226196,2.4760000705719,-2.58999991416931,TRUE
"2484","D","Bone",4.88800001144409,2.21499991416931,-2.59899997711182,TRUE
"2485","D","Bone",4.35200023651123,2.53900003433228,-2.61400008201599,TRUE
"2486","D","Bone",4.38500022888184,2.54699993133545,-2.62400007247925,TRUE
"2487","D","Bone",4.73600006103516,2.48799991607666,-2.62700009346008,TRUE
"2488","D","Bone",4.58900022506714,2.48699998855591,-2.61800003051758,TRUE
"2489","D","Bone",4.57800006866455,2.60599994659424,-2.63100004196167,TRUE
"2490","D","Bone",4.59700012207031,2.30999994277954,-2.60800004005432,TRUE
"2491","D","Bone",4.64799976348877,2.29200005531311,-2.62199997901917,TRUE
"2492","D","Bone",4.33099985122681,2.17600011825562,-2.59500002861023,TRUE
"2493","D","Bone",4.77600002288818,2.28500008583069,-2.65100002288818,TRUE
"2494","D","Bone",4.17000007629395,2.33800005912781,-2.59299993515015,TRUE
"2495","D","Bone",4.22800016403198,2.34899997711182,-2.6470000743866,TRUE
"2496","D","Bone",4.37799978256226,2.18099999427795,-2.6159999370575,TRUE
"2497","D","Bone",4.2960000038147,2.10999989509583,-2.63499999046326,TRUE
"2509","D","Bone",5.3600001335144,2.57500004768372,-2.58500003814697,TRUE
"2510","D","Bone",5.55499982833862,2.16100001335144,-2.58100008964539,TRUE
"2511","D","Bone",5.23999977111816,2.24900007247925,-2.59699988365173,TRUE
"2512","D","Bone",5.36700010299683,2.25300002098083,-2.57299995422363,TRUE
"2513","D","Lithic",5.33400011062622,2.07699990272522,-2.56500005722046,TRUE
"2514","D","Bone",5.38000011444092,2.13700008392334,-2.57200002670288,TRUE
"2515","D","Bone",5.03599977493286,2.51699995994568,-2.56900000572205,TRUE
"2516","D","Lithic",5.13700008392334,2.39100003242493,-2.63100004196167,TRUE
"2517","D","Bone",5.28000020980835,2.33699989318848,-2.62599992752075,TRUE
"2518","D","Bone",5.11299991607666,2.16499996185303,-2.62400007247925,TRUE
"2519","D","Bone",5.03700017929077,2.38499999046326,-2.6340000629425,TRUE
"2527","D","Bone",3.86999988555908,1.89999997615814,-2.54900002479553,TRUE
"2528","D","Bone",3.79699993133545,1.82299995422363,-2.57399988174438,TRUE
"2529","D","Bone",3.96499991416931,1.90499997138977,-2.64000010490417,TRUE
"2530","D","Bone",3.48699998855591,1.82799994945526,-2.60700011253357,TRUE
"2531","D","Bone",3.92899990081787,1.90400004386902,-2.63800001144409,TRUE
"2532","D","Bone",3.57299995422363,1.875,-2.65199995040894,TRUE
"2533","D","Bone",4.17799997329712,1.95899999141693,-2.60199999809265,TRUE
"2534","D","Bone",4.21500015258789,1.97699999809265,-2.59500002861023,TRUE
"2535","D","Bone",4.31400012969971,1.82200002670288,-2.55599999427795,TRUE
"2536","D","Bone",4.30299997329712,1.94400000572205,-2.61400008201599,TRUE
"2537","D","Bone",4.28800010681152,1.98500001430511,-2.61100006103516,TRUE
"2538","D","Bone",4.29899978637695,1.89600002765656,-2.62400007247925,TRUE
"2539","D","Bone",4.05100011825562,1.95299994945526,-2.65199995040894,TRUE
"2540","D","Bone",5.59000015258789,1.94000005722046,-2.26500010490417,TRUE
"2541","D","Lithic",5.66099977493286,1.97399997711182,-2.59400010108948,TRUE
"2551","D","Bone",6.61100006103516,1.9190000295639,-2.57299995422363,TRUE
"2552","D","Bone",6.43300008773804,1.72099995613098,-2.625,TRUE
"2553","D","Bone",6.96799993515015,1.85300004482269,-2.63899993896484,TRUE
"2554","D","Bone",6.13800001144409,1.73399996757507,-2.64400005340576,TRUE
"2560","D","Bone",7.01900005340576,1.76999998092651,-2.55599999427795,TRUE
"2571","D","Bone",8.08699989318848,1.27699995040894,-2.59299993515015,TRUE
"2572","D","Lithic",8.33100032806396,1.24899995326996,-2.58899998664856,TRUE
"2573","D","Bone",8.68000030517578,1.17700004577637,-2.61500000953674,TRUE
"2574","D","Lithic",8.64700031280518,1.25699996948242,-2.58599996566772,TRUE
"2575","D","Bone",8.4379997253418,1.28699994087219,-2.65499997138977,TRUE
"2576","D","Tooth",8.08500003814697,1.10300004482269,-2.6340000629425,TRUE
"2577","D","Bone",8.06700038909912,1.125,-2.63700008392334,TRUE
"2578","D","Lithic",8.22700023651123,1.03900003433228,-2.61100006103516,TRUE
"2579","D","Bone",8.125,1.03100001811981,-2.64800000190735,TRUE
"2580","D","Lithic",8.1899995803833,1.33500003814697,-2.56800007820129,TRUE
"2581","D","Bone",8.40799999237061,1.32099997997284,-2.64100003242493,TRUE
"2582","D","Tooth",8.66100025177002,1.30200004577637,-2.6470000743866,TRUE
"2583","D","Bone",8.90299987792969,1.29100000858307,-2.62700009346008,TRUE
"2584","D","Lithic",8.84700012207031,1.14900004863739,-2.625,TRUE
"2585","D","Bone",8.48499965667725,1.39699995517731,-2.61999988555908,TRUE
"2586","D","Lithic",8.18299961090088,1.375,-2.61500000953674,TRUE
"2587","D","Bone",8.05500030517578,1.28799998760223,-2.60899996757507,TRUE
"2588","D","Tooth",8.06900024414062,1.192999958992,-2.59899997711182,TRUE
"2589","D","Bone",8.02200031280518,1.29200005531311,-2.6159999370575,TRUE
"2590","D","Bone",8.03400039672852,1.3400000333786,-2.63000011444092,TRUE
"2591","D","Bone",8.04500007629395,1.36500000953674,-2.63599991798401,TRUE
"2592","D","Bone",8.87899971008301,1.20299994945526,-2.55399990081787,TRUE
"2593","D","Bone",8.90499973297119,1.2039999961853,-2.57200002670288,TRUE
"2594","D","Bone",8.67099952697754,1.12000000476837,-2.57800006866455,TRUE
"2595","D","Bone",8.33300018310547,1.32700002193451,-2.58699989318848,TRUE
"2596","D","Lithic",8.04199981689453,1.317999958992,-2.59699988365173,TRUE
"2597","D","Bone",8.01000022888184,1.2610000371933,-2.57500004768372,TRUE
"2598","D","Lithic",8.90299987792969,1.12800002098083,-2.61800003051758,TRUE
"2605","D","Bone",8.23299980163574,0.879999995231628,-2.55999994277954,TRUE
"2606","D","Bone",8.20800018310547,0.919000029563904,-2.57399988174438,TRUE
"2607","D","Lithic",8.00399971008301,0.899999976158142,-2.54800009727478,TRUE
"2608","D","Bone",8.21199989318848,0.873000025749207,-2.58599996566772,TRUE
"2609","D","Lithic",8.29300022125244,0.943000018596649,-2.58599996566772,TRUE
"2610","D","Lithic",8.06700038909912,0.825999975204468,-2.64299988746643,TRUE
"2625","D","Bone",3.90899991989136,2.02800011634827,-2.66700005531311,TRUE
"2626","D","Bone",3.74900007247925,2.99699997901917,-1.68799996376038,TRUE
"2627","D","Bone",3.72000002861023,2.9909999370575,-1.66400003433228,TRUE
"2628","D","Bone",3.71300005912781,2.16000008583069,-2.69300007820129,TRUE
"2629","D","Bone",3.54200005531311,2.29800009727478,-2.69799995422363,TRUE
"2630","D","Lithic",3.7739999294281,2.00300002098083,-2.73399996757507,TRUE
"2631","D","Bone",3.99300003051758,2.45000004768372,-2.68799996376038,TRUE
"2632","D","Bone",3.91499996185303,2.27099990844727,-2.70099997520447,TRUE
"2633","D","Bone",3.48200011253357,2.3289999961853,-2.68400001525879,TRUE
"2652","D","Bone",4.28700017929077,2.39100003242493,-2.65400004386902,TRUE
"2653","D","Tooth",4.36499977111816,2.51600003242493,-2.66499996185303,TRUE
"2654","D","Bone",4.46000003814697,2.44000005722046,-2.66300010681152,TRUE
"2655","D","Bone",4.47800016403198,2.41499996185303,-2.66499996185303,TRUE
"2656","D","Bone",4.32100009918213,2.60599994659424,-2.65799999237061,TRUE
"2657","D","Bone",4.75799989700317,2.38000011444092,-2.68700003623962,TRUE
"2658","D","Lithic",4.83199977874756,2.45700001716614,-2.67600011825562,TRUE
"2659","D","Bone",4.78399991989136,2.38700008392334,-2.67799997329712,TRUE
"2660","D","Bone",4.73299980163574,2.3199999332428,-2.68199992179871,TRUE
"2661","D","Bone",4.75400018692017,2.28999996185303,-2.69600009918213,TRUE
"2662","D","Bone",4.77500009536743,2.31399989128113,-2.66400003433228,TRUE
"2663","D","Bone",4.41400003433228,2.4449999332428,-2.70000004768372,TRUE
"2664","D","Bone",4.52799987792969,2.56500005722046,-2.67700004577637,TRUE
"2665","D","Tooth",4.55800008773804,2.6029999256134,-2.66000008583069,TRUE
"2666","D","Bone",4.34200000762939,2.39000010490417,-2.71199989318848,TRUE
"2667","D","Bone",4.2979998588562,2.35599994659424,-2.70099997520447,TRUE
"2668","D","Bone",4.25,2.51799988746643,-2.68899989128113,TRUE
"2669","D","Bone",4.17500019073486,2.48900008201599,-2.70499992370605,TRUE
"2670","D","Bone",4.88600015640259,2.46700000762939,-2.72499990463257,TRUE
"2671","D","Bone",4.99599981307983,2.31900000572205,-2.70099997520447,TRUE
"2679","D","Bone",5.17999982833862,2.24000000953674,-2.66799998283386,TRUE
"2680","D","Bone",5.51599979400635,2.16700005531311,-2.73099994659424,TRUE
"2681","D","Bone",5.09999990463257,2.19000005722046,-2.68400001525879,TRUE
"2682","D","Bone",5.01599979400635,2.25799989700317,-2.68899989128113,TRUE
"2683","D","Bone",5.0310001373291,2.24399995803833,-2.69600009918213,TRUE
"2695","D","Bone",6.75699996948242,1.91400003433228,-2.66100001335144,TRUE
"2696","D","Bone",6.61700010299683,1.66199994087219,-2.09899997711182,TRUE
"2697","D","Bone",6.37400007247925,1.91600000858307,-2.66100001335144,TRUE
"2698","D","Lithic",6.23400020599365,1.59599995613098,-2.73099994659424,TRUE
"2699","D","Bone",6.32999992370605,1.61699998378754,-2.74200010299683,TRUE
"2700","D","Bone",6.0149998664856,1.87399995326996,-2.68499994277954,TRUE
"2701","D","Bone",6.19999980926514,1.8639999628067,-2.73499989509583,TRUE
"2702","D","Bone",6.20800018310547,1.80999994277954,-2.73600006103516,TRUE
"2703","D","Bone",6.0770001411438,1.81900000572205,-2.73600006103516,TRUE
"2704","D","Bone",6.33900022506714,1.82099997997284,-2.74200010299683,TRUE
"2705","D","Bone",6.32399988174438,1.88800001144409,-2.71499991416931,TRUE
"2710","D","Bone",7.49300003051758,1.875,-2.65599989891052,TRUE
"2711","D","Bone",7.23099994659424,1.88900005817413,-2.66799998283386,TRUE
"2725","D","Bone",8.26599979400635,1.17299997806549,-2.65300011634827,TRUE
"2726","D","Tooth",8.3459997177124,1.43400001525879,-2.66300010681152,TRUE
"2727","D","Bone",8.51700019836426,1.38199996948242,-2.70300006866455,TRUE
"2728","D","Bone",8.49199962615967,1.39300000667572,-2.69899988174438,TRUE
"2729","D","Lithic",8.53499984741211,1.33299994468689,-2.69199991226196,TRUE
"2730","D","Bone",8.03899955749512,1.29700005054474,-2.70000004768372,TRUE
"2731","D","Bone",8.92199993133545,1.40100002288818,-2.66000008583069,TRUE
"2732","D","Bone",8.90799999237061,1.4210000038147,-2.67499995231628,TRUE
"2733","D","Bone",8.89900016784668,1.34899997711182,-2.6710000038147,TRUE
"2734","D","Bone",8.81799983978271,1.38399994373322,-2.68300008773804,TRUE
"2735","D","Lithic",8.78499984741211,1.30099999904633,-2.68300008773804,TRUE
"2736","D","Bone",8.60999965667725,1.26600003242493,-2.69700002670288,TRUE
"2737","D","Bone",8.29800033569336,1.3309999704361,-2.73099994659424,TRUE
"2738","D","Bone",8.30099964141846,1.27199995517731,-2.74000000953674,TRUE
"2739","D","Tooth",8.1899995803833,1.26600003242493,-2.73099994659424,TRUE
"2740","D","Lithic",8.45499992370605,1.3639999628067,-2.7279999256134,TRUE
"2741","D","Lithic",8.32900047302246,1.24899995326996,-2.70799994468689,TRUE
"2742","D","Bone",8.39900016784668,1.14400005340576,-2.72000002861023,TRUE
"2743","D","Tooth",8.40799999237061,1.15499997138977,-2.70900011062622,TRUE
"2744","D","Bone",8.48999977111816,1.13699996471405,-2.74399995803833,TRUE
"2745","D","Bone",8.55099964141846,1.26199996471405,-2.75,TRUE
"2746","D","Bone",8.49499988555908,1.15699994564056,-2.72399997711182,TRUE
"2747","D","Bone",8.8100004196167,1.21800005435944,-2.71399998664856,TRUE
"2748","D","Bone",8.07699966430664,1.10199999809265,-2.73200011253357,TRUE
"2756","D","Bone",8.15299987792969,0.875999987125397,-2.67799997329712,TRUE
"2757","D","Tooth",8.65900039672852,0.955999970436096,-2.72000002861023,TRUE
"2758","D","Bone",8.79199981689453,0.991999983787537,-2.71000003814697,TRUE
"2759","D","Tooth",8.07199954986572,0.787999987602234,-2.73200011253357,TRUE
"2760","D","Bone",8.48799991607666,0.639999985694885,-2.74799990653992,TRUE
"2769","D","Bone",3.90000009536743,2.15899991989136,-2.76099991798401,TRUE
"2770","D","Bone",3.72699999809265,2.46099996566772,-2.79299998283386,TRUE
"2771","D","Bone",3.78900003433228,2.45499992370605,-2.78600001335144,TRUE
"2772","D","Bone",3.88499999046326,2.54900002479553,-2.81500005722046,TRUE
"2773","D","Bone",3.92899990081787,2.5550000667572,-2.79500007629395,TRUE
"2774","D","Bone",3.59400010108948,2.45099997520447,-2.82599997520447,TRUE
"2784","D","Bone",4.2810001373291,2.13700008392334,-2.77300000190735,TRUE
"2785","D","Bone",4.23699998855591,2.04900002479553,-2.79399991035461,TRUE
"2786","D","Bone",4.31300020217896,2.01799988746643,-2.78800010681152,TRUE
"2787","D","Bone",4.87900018692017,2.25699996948242,-2.76200008392334,TRUE
"2788","D","Bone",4.2350001335144,2.26699995994568,-2.77800011634827,TRUE
"2789","D","Tooth",4.11700010299683,2.12400007247925,-2.82200002670288,TRUE
"2790","D","Bone",4.20599985122681,2.14199995994568,-2.82200002670288,TRUE
"2791","D","Bone",4.10799980163574,2.06100010871887,-2.82999992370605,TRUE
"2798","D","Bone",5.09499979019165,2.25500011444092,-2.75699996948242,TRUE
"2799","D","Bone",5.40500020980835,2.20300006866455,-2.82200002670288,TRUE
"2800","D","Bone",5.40799999237061,2.21199989318848,-2.75,TRUE
"2814","D","Bone",6.11999988555908,1.59300005435944,-2.76099991798401,TRUE
"2815","D","Bone",6.03999996185303,1.63100004196167,-2.7720000743866,TRUE
"2816","D","Bone",6.04500007629395,1.60300004482269,-2.78200006484985,TRUE
"2817","D","Tooth",6.10799980163574,1.89600002765656,-2.67199993133545,TRUE
"2818","D","Bone",6.42600011825562,1.67400002479553,-2.7590000629425,TRUE
"2819","D","Bone",6.1230001449585,1.7059999704361,-2.83599996566772,TRUE
"2820","D","Bone",6.09299993515015,1.67499995231628,-2.83400011062622,TRUE
"2821","D","Bone",6.03000020980835,1.74600005149841,-2.83500003814697,TRUE
"2822","D","Tooth",6.14799976348877,1.88499999046326,-2.81500005722046,TRUE
"2823","D","Bone",6.21500015258789,1.87999999523163,-2.81800007820129,TRUE
"2824","D","Bone",6.88000011444092,1.73599994182587,-2.84500002861023,TRUE
"2834","D","Bone",8.3120002746582,1.37199997901917,-2.79699993133545,TRUE
"2835","D","Bone",8.39200019836426,1.40499997138977,-2.78600001335144,TRUE
"2836","D","Bone",8.3459997177124,1.46000003814697,-2.7739999294281,TRUE
"2837","D","Bone",8.4069995880127,1.50100004673004,-2.78900003433228,TRUE
"2838","D","Lithic",8.4980001449585,1.37100005149841,-2.78099989891052,TRUE
"2839","D","Bone",8.33500003814697,1.28600001335144,-2.78200006484985,TRUE
"2840","D","Lithic",8.39900016784668,1.11699998378754,-2.76300001144409,TRUE
"2841","D","Bone",8.27299976348877,1.34800004959106,-2.78200006484985,TRUE
"2842","D","Bone",8.31799983978271,1.34899997711182,-2.79800009727478,TRUE
"2843","D","Bone",8.83899974822998,1.28699994087219,-2.7739999294281,TRUE
"2844","D","Bone",8.29300022125244,1.05999994277954,-2.77699995040894,TRUE
"2845","D","Bone",8.18099975585938,1.15400004386902,-2.79900002479553,TRUE
"2846","D","Bone",8.31599998474121,1.05900001525879,-2.81699991226196,TRUE
"2847","D","Bone",8.13500022888184,1.11899995803833,-2.78399991989136,TRUE
"2848","D","Lithic",8.07400035858154,1.10199999809265,-2.77500009536743,TRUE
"2849","D","Bone",8.08699989318848,1.13699996471405,-2.78399991989136,TRUE
"2850","D","Bone",8.11600017547607,1.11000001430511,-2.79399991035461,TRUE
"2851","D","Bone",8.11800003051758,1.05299997329712,-2.79900002479553,TRUE
"2852","D","Bone",8.14299964904785,1.00199997425079,-2.76699995994568,TRUE
"2853","D","Bone",8.30900001525879,1.02100002765656,-2.79900002479553,TRUE
"2854","D","Bone",8.29899978637695,1.01199996471405,-2.79099988937378,TRUE
"2855","D","Lithic",8.17000007629395,1.05200004577637,-2.78999996185303,TRUE
"2856","D","Bone",8.14400005340576,1.02799999713898,-2.78999996185303,TRUE
"2864","D","Bone",3.88199996948242,2.52800011634827,-2.86700010299683,TRUE
"2865","D","Bone",3.76099991798401,2.37400007247925,-2.9210000038147,TRUE
"2866","D","Tooth",3.78200006484985,2.47499990463257,-2.94899988174438,TRUE
"2873","D","Bone",4.03999996185303,2.03299999237061,-2.86899995803833,TRUE
"2874","D","Bone",4.88100004196167,2.33800005912781,-2.87800002098083,TRUE
"2875","D","Bone",4.05200004577637,2.08100008964539,-2.92400002479553,TRUE
"2899","D","Bone",6.66599988937378,1.91299998760223,-2.87400007247925,TRUE
"2900","D","Bone",6.1100001335144,1.70099997520447,-2.8659999370575,TRUE
"2901","D","Bone",6.71500015258789,1.86300003528595,-2.90599989891052,TRUE
"2902","D","Tooth",6.00500011444092,1.6690000295639,-2.8840000629425,TRUE
"2903","D","Bone",6.03900003433228,1.78199994564056,-2.91700005531311,TRUE
"2910","D","Bone",8.49100017547607,1.09800004959106,-2.87800002098083,TRUE
"2911","D","Bone",8.27700042724609,1.32099997997284,-2.86999988555908,TRUE
"2912","D","Bone",8.32199954986572,1.13199996948242,-2.91599988937378,TRUE
"2913","D","Bone",8.67899990081787,1.21599996089935,-2.92499995231628,TRUE
"2920","D","Bone",3.39199995994568,2.08299994468689,-3.01399993896484,TRUE
"2921","D","Tooth",3.77600002288818,2.39499998092651,-3.02800011634827,TRUE
"2922","D","Bone",3.90100002288818,2.42300009727478,-3.0460000038147,TRUE
"2923","D","Bone",3.88899993896484,2.48600006103516,-3.03800010681152,TRUE
"2924","D","Bone",3.92499995231628,2.54800009727478,-3.02600002288818,TRUE
"2925","D","Bone",3.86999988555908,2.64000010490417,-2.95600008964539,TRUE
"2926","D","Bone",3.85999989509583,2.66899991035461,-2.9539999961853,TRUE
"2927","D","Bone",3.22199988365173,2.0090000629425,-3.01200008392334,TRUE
"2928","D","Bone",3.76500010490417,2.34999990463257,-3.02900004386902,TRUE
"2936","D","Bone",8.65499973297119,1.12600004673004,-2.98000001907349,TRUE
"2937","D","Tooth",8.55300045013428,1.05599999427795,-2.98600006103516,TRUE
"2938","D","Tooth",8.56099987030029,1.23300004005432,-3.00999999046326,TRUE
"2939","D","Bone",8.17000007629395,1.24300003051758,-3.00699996948242,TRUE
"2940","D","Tooth",8.20300006866455,1.35300004482269,-2.99000000953674,TRUE
"2941","D","Lithic",8.26599979400635,1.35500001907349,-2.96399998664856,TRUE
"2942","D","Bone",8.25,1.34899997711182,-2.99300003051758,TRUE
"2943","D","Bone",8.7790002822876,1.08599996566772,-2.98399996757507,TRUE
"2944","D","Bone",8.20800018310547,1.057000041008,-3.01500010490417,TRUE
"2945","D","Lithic",8.6850004196167,1.15699994564056,-2.93799996376038,TRUE
"2946","D","Bone",8.33899974822998,1.36500000953674,-3.00699996948242,TRUE
"2947","D","Lithic",8.82199954986572,1.10500001907349,-3.04099988937378,TRUE
"2948","D","Lithic",8.73900032043457,1.12199997901917,-3.04299998283386,TRUE
"2953","D","Bone",3.57200002670288,2.31299996376038,-3.0699999332428,TRUE
"2954","D","Bone",3.75399994850159,2.4300000667572,-3.08400011062622,TRUE
"2955","D","Bone",3.79500007629395,2.37100005149841,-3.0789999961853,TRUE
"2956","D","Bone",3.84599995613098,2.35800004005432,-3.07100009918213,TRUE
"2957","D","Bone",3.81100010871887,2.55999994277954,-3.06399989128113,TRUE
"2958","D","Bone",3.65799999237061,2.41700005531311,-3.09500002861023,TRUE
"2959","D","Bone",3.71099996566772,2.31399989128113,-3.09200000762939,TRUE
"2960","D","Bone",3.60800004005432,2.33800005912781,-3.09299993515015,TRUE
"2961","D","Bone",3.625,2.36199998855591,-3.08599996566772,TRUE
"2962","D","Bone",3.67499995231628,2.23399996757507,-3.07399988174438,TRUE
"2963","D","Bone",3.64499998092651,2.18199992179871,-3.07299995422363,TRUE
"2964","D","Bone",3.72300004959106,2.41000008583069,-3.1029999256134,TRUE
"2965","D","Bone",3.73699998855591,2.6800000667572,-3.04999995231628,TRUE
"2966","D","Bone",3.63899993896484,2.38299989700317,-3.11299991607666,TRUE
"2967","D","Bone",3.66799998283386,2.25399994850159,-3.12100005149841,TRUE
"2968","D","Bone",3.625,2.16499996185303,-3.14100003242493,TRUE
"2969","D","Bone",3.71499991416931,2.24200010299683,-3.1029999256134,TRUE
"2970","D","Bone",3.70700001716614,2.29299998283386,-3.12800002098083,TRUE
"2971","D","Tooth",3.80800008773804,2.25600004196167,-3.13299989700317,TRUE
"2972","D","Bone",3.75500011444092,2.26099991798401,-3.14599990844727,TRUE
"2973","D","Bone",3.75099992752075,2.21399998664856,-3.13599991798401,TRUE
"2974","D","Bone",3.69000005722046,2.51900005340576,-3.14199995994568,TRUE
"2975","D","Bone",3.6489999294281,2.40799999237061,-3.13100004196167,TRUE
"2976","D","Bone",3.56699991226196,2.48499989509583,-3.12299990653992,TRUE
"2977","D","Bone",3.82599997520447,2.69199991226196,-3.09800004959106,TRUE
"2978","D","Lithic",3.86100006103516,2.61999988555908,-3.13700008392334,TRUE
"2979","D","Bone",3.83999991416931,2.47199988365173,-3.16300010681152,TRUE
"2980","D","Bone",5.33300018310547,2.0460000038147,-2.62599992752075,TRUE
"3038","D","Micro",7.35728609625669,2.31751336898396,-1.79999995231628,TRUE
"3039","D","Micro",7.35728609625669,2.31751336898396,-1.89999997615814,TRUE
"3040","D","Micro",8.5,1.5,-1.89999997615814,TRUE
"3041","D","Micro",4.5,2.5,-2,TRUE
"3042","D","Micro",6.5,1.5,-2,TRUE
"3043","D","Micro",8.5,1.5,-2,TRUE
"3044","D","Micro",8.5,1.5,-2,TRUE
"3045","D","Micro",8.5,1.5,-2,TRUE
"3046","D","Micro",4.5,2.5,-2.09999990463257,TRUE
"3047","D","Micro",5.44385026737968,2.26604278074866,-2.09999990463257,TRUE
"3048","D","Micro",5.44151069518717,2.26604278074866,-2.20000004768372,TRUE
"3049","D","Micro",6.50935828877005,2.2894385026738,-2.20000004768372,TRUE
"3050","D","Micro",6.50467914438503,2.2894385026738,-2.20000004768372,TRUE
"3051","D","Micro",7.35728609625669,2.31751336898396,-2.20000004768372,TRUE
"3052","D","Micro",7.35728609625669,2.31751336898396,-2.20000004768372,TRUE
"3053","D","Micro",6.5,1.5,-2.20000004768372,TRUE
"3054","D","Micro",8.5,1.5,-2.20000004768372,TRUE
"3055","D","Micro",7.35728609625669,2.31751336898396,-2.29999995231628,TRUE
"3056","D","Micro",5.44385026737968,2.26604278074866,-2.40000009536743,TRUE
"3057","D","Micro",4.5,2.5,-2.5,TRUE
"3058","D","Micro",4.5,2.5,-2.5,TRUE
"3059","D","Micro",5.44151069518717,2.26838235294118,-2.5,TRUE
"3060","D","Micro",6.5,1.5,-2.5,TRUE
"3061","D","Micro",8.5,1.5,-2.5,TRUE
"3062","D","Micro",8.5,1.5,-2.5,TRUE
"3063","D","Micro",8.5,1.5,-2.5,TRUE
"3064","D","Micro",8.5,1.5,-2.5,TRUE
"3065","D","Micro",8.5,1.5,-2.5,TRUE
"3066","D","Micro",8.5,1.5,-2.5,TRUE
"3067","D","Micro",8.40641711229947,0.893048128342246,-2.5,TRUE
"3068","D","Micro",4.5,2.5,-2.59999990463257,TRUE
"3069","D","Micro",4.19117647058824,1.85561497326203,-2.59999990463257,TRUE
"3070","D","Micro",3.50935828877005,1.82754010695187,-2.79999995231628,TRUE
